,60d_global_clustering_coefficient
2006-03-30,0.8303052831152721
2006-03-31,0.8330471738586958
2006-04-03,0.8293163704397392
2006-04-04,0.8267300485623779
2006-04-05,0.8269491611634749
2006-04-06,0.8370729108536025
2006-04-07,0.8249371151038357
2006-04-10,0.8279655036218941
2006-04-11,0.8290097862431521
2006-04-12,0.8296496743908474
2006-04-13,0.8302280277873857
2006-04-17,0.8294846426497672
2006-04-18,0.8293945431496261
2006-04-19,0.8317867949186177
2006-04-20,0.8352028832582675
2006-04-21,0.8365464358103183
2006-04-24,0.839218287149683
2006-04-25,0.8370776274981474
2006-04-26,0.8332934969447381
2006-04-27,0.8288144977166781
2006-04-28,0.8303155784289467
2006-05-01,0.8310294860031765
2006-05-02,0.8329082339123721
2006-05-03,0.8369015591854168
2006-05-04,0.8408134712583519
2006-05-05,0.8412959128646798
2006-05-08,0.8336272835806108
2006-05-09,0.8330719205209105
2006-05-10,0.8314903683797623
2006-05-11,0.8369322746226165
2006-05-12,0.820260514892511
2006-05-15,0.8290002261484457
2006-05-16,0.8140347676241506
2006-05-17,0.8170290837242983
2006-05-18,0.8178021938103051
2006-05-19,0.8170331542600962
2006-05-22,0.8199259310450976
2006-05-23,0.8135573955558083
2006-05-24,0.8110621391277719
2006-05-25,0.808782859763214
2006-05-26,0.8052922776593674
2006-05-30,0.8004611415752355
2006-05-31,0.7942289009905475
2006-06-01,0.7910487490098477
2006-06-02,0.7906243200148347
2006-06-05,0.7827743812364651
2006-06-06,0.7787540121298628
2006-06-07,0.7793585601764055
2006-06-08,0.780237161268632
2006-06-09,0.7756850220247921
2006-06-12,0.7724126991624936
2006-06-13,0.7714238724001083
2006-06-14,0.7703946354823943
2006-06-15,0.7568105489991444
2006-06-16,0.752895356818184
2006-06-19,0.7529001501605102
2006-06-20,0.7514847259380079
2006-06-21,0.7540932121311926
2006-06-22,0.7603359966082593
2006-06-23,0.7564289971854314
2006-06-26,0.7559487023710696
2006-06-27,0.7569040448224008
2006-06-28,0.7602326456798901
2006-06-29,0.7489258380147303
2006-06-30,0.7433236044542819
2006-07-03,0.7384459390652094
2006-07-05,0.7364717091811217
2006-07-06,0.7462988128347385
2006-07-07,0.7456573183006698
2006-07-10,0.7394274952791086
2006-07-11,0.7381122073776448
2006-07-12,0.7395851289039939
2006-07-13,0.7342339565509748
2006-07-14,0.7378329843602275
2006-07-17,0.7433341580012809
2006-07-18,0.7388106142552203
2006-07-19,0.7209601187910999
2006-07-20,0.7190445390322885
2006-07-21,0.7168240682160478
2006-07-24,0.7127011272165654
2006-07-25,0.7115086786715944
2006-07-26,0.7197655112301041
2006-07-27,0.7305753357688104
2006-07-28,0.7161949730774835
2006-07-31,0.7027246804471398
2006-08-01,0.7025483778002856
2006-08-02,0.7051939342383955
2006-08-03,0.711940452902638
2006-08-04,0.7122698961877323
2006-08-07,0.7131386499264228
2006-08-08,0.7255136867770456
2006-08-09,0.7426097688362877
2006-08-10,0.7350874149661349
2006-08-11,0.7513934457993247
2006-08-14,0.7510959326442447
2006-08-15,0.7511276482486055
2006-08-16,0.743670033924467
2006-08-17,0.7297787693081228
2006-08-18,0.7367169803535238
2006-08-21,0.7468476178298
2006-08-22,0.74805820503364
2006-08-23,0.7478719851886136
2006-08-24,0.7415766598717802
2006-08-25,0.743247314062493
2006-08-28,0.7373462838087629
2006-08-29,0.740235308458478
2006-08-30,0.7475620711774149
2006-08-31,0.7456860852787215
2006-09-01,0.7408950362396772
2006-09-05,0.7426741594667216
2006-09-06,0.7496506399011357
2006-09-07,0.7578049336402823
2006-09-08,0.7584966319790466
2006-09-11,0.7735749852219699
2006-09-12,0.7684490161819582
2006-09-13,0.7678082139390384
2006-09-14,0.7715949296332755
2006-09-15,0.774452126951205
2006-09-18,0.7739253544828852
2006-09-19,0.7677898757377905
2006-09-20,0.7699439683735662
2006-09-21,0.7698089199726316
2006-09-22,0.770046744885464
2006-09-25,0.7849175299895534
2006-09-26,0.78276939341847
2006-09-27,0.7801621023781499
2006-09-28,0.7793648466104044
2006-09-29,0.7788758085047741
2006-10-02,0.7785109311825369
2006-10-03,0.7822988760166341
2006-10-04,0.7799354786282163
2006-10-05,0.7800275992152879
2006-10-06,0.792350154201882
2006-10-09,0.8023852724672997
2006-10-10,0.8050095642339827
2006-10-11,0.7993440938160093
2006-10-12,0.8109127092925111
2006-10-13,0.8200104144608951
2006-10-16,0.8233297931053044
2006-10-17,0.8097851773984589
2006-10-18,0.8095847223842183
2006-10-19,0.8143984550870472
2006-10-20,0.8151549890387442
2006-10-23,0.8134977108814186
2006-10-24,0.8157097997312953
2006-10-25,0.8200210911328197
2006-10-26,0.8243817963595883
2006-10-27,0.8221690081058778
2006-10-30,0.8055995385778354
2006-10-31,0.8087605076715353
2006-11-01,0.8097067980721149
2006-11-02,0.8028262118239473
2006-11-03,0.8094446808437787
2006-11-06,0.8067575242244591
2006-11-07,0.8104535011583889
2006-11-08,0.8134740643434221
2006-11-09,0.8183978734771862
2006-11-10,0.8177088970518631
2006-11-13,0.8152318749675219
2006-11-14,0.8149852751937051
2006-11-15,0.8160991668795605
2006-11-16,0.8190561848821328
2006-11-17,0.8156978257455471
2006-11-20,0.8195391672767778
2006-11-21,0.8243038945994062
2006-11-22,0.82811193026969
2006-11-24,0.8284442221778883
2006-11-27,0.8228787467419536
2006-11-28,0.8177947621977727
2006-11-29,0.8163731060353904
2006-11-30,0.8239015032519913
2006-12-01,0.8167482538238533
2006-12-04,0.8169264690945834
2006-12-05,0.8214679323949867
2006-12-06,0.8221770286856945
2006-12-07,0.8154415892469673
2006-12-08,0.8111708547718269
2006-12-11,0.8159429701237335
2006-12-12,0.8196110471693149
2006-12-13,0.8229782799149307
2006-12-14,0.8260740604228275
2006-12-15,0.8272984343958418
2006-12-18,0.8338394155393697
2006-12-19,0.8407878061789812
2006-12-20,0.8407751982824706
2006-12-21,0.8348866237348749
2006-12-22,0.8319999614191504
2006-12-26,0.8327780460634119
2006-12-27,0.8351294116841907
2006-12-28,0.8338427797758866
2006-12-29,0.8304645809345063
2007-01-03,0.8352695748256621
2007-01-04,0.8350788370648734
2007-01-05,0.8391045459758892
2007-01-08,0.8400106910521824
2007-01-09,0.8454144712233227
2007-01-10,0.844824237558358
2007-01-11,0.8472966009759602
2007-01-12,0.8483630628372889
2007-01-16,0.849473846842651
2007-01-17,0.8530369383849125
2007-01-18,0.8521461696476574
2007-01-19,0.8543525374017746
2007-01-22,0.8486161137399741
2007-01-23,0.8466905983894485
2007-01-24,0.8464984643674983
2007-01-25,0.8492570196092982
2007-01-26,0.8469590912570992
2007-01-29,0.8408334645018101
2007-01-30,0.8410906264158863
2007-01-31,0.8500688630445984
2007-02-01,0.8486053583694284
2007-02-02,0.851292178468381
2007-02-05,0.8556122764850689
2007-02-06,0.856998511107935
2007-02-07,0.8626263597653436
2007-02-08,0.7690514801238133
2007-02-09,0.7763607237082402
2007-02-12,0.7746048340526741
2007-02-13,0.7734384340424261
2007-02-14,0.7697447461505282
2007-02-15,0.7673128522040049
2007-02-16,0.7631277586305522
2007-02-20,0.7626167472771198
2007-02-21,0.7642356071093085
2007-02-22,0.7624541503265785
2007-02-23,0.7624773723976437
2007-02-26,0.7673672278450908
2007-02-27,0.7403977315187444
2007-02-28,0.7299755724792983
2007-03-01,0.7266541452257465
2007-03-02,0.7219182644471586
2007-03-05,0.7406676872850848
2007-03-06,0.741260581069001
2007-03-07,0.7390347217931263
2007-03-08,0.7383065621759964
2007-03-09,0.7376153177772133
2007-03-12,0.7388106796422582
2007-03-13,0.7315586309087502
2007-03-14,0.7282921325502428
2007-03-15,0.724884151050236
2007-03-16,0.7263817790407627
2007-03-19,0.7204685168443095
2007-03-20,0.7152380289194072
2007-03-21,0.7106776751521516
2007-03-22,0.7055228259643919
2007-03-23,0.7116840726387044
2007-03-26,0.7148190283061625
2007-03-27,0.7165302770990606
2007-03-28,0.7148505724610937
2007-03-29,0.7142742891912635
2007-03-30,0.710517499002769
2007-04-02,0.7091375950368646
2007-04-03,0.7036603647178505
2007-04-04,0.7009079294394954
2007-04-05,0.6974930503107312
2007-04-09,0.6939046154153836
2007-04-10,0.6974625591526366
2007-04-11,0.697361741277153
2007-04-12,0.6993696168863501
2007-04-13,0.6961604114896991
2007-04-16,0.6902772226410229
2007-04-17,0.6817878861702881
2007-04-18,0.6831249822336832
2007-04-19,0.6725053554534176
2007-04-20,0.6710231001354166
2007-04-23,0.6755222076677784
2007-04-24,0.6771227972087409
2007-04-25,0.6582492274138468
2007-04-26,0.6483990655972556
2007-04-27,0.6465012670414169
2007-04-30,0.6490223562386304
2007-05-01,0.648434259886381
2007-05-02,0.6444093537079871
2007-05-03,0.643762096473795
2007-05-04,0.6420730586539629
2007-05-07,0.6493234282705391
2007-05-08,0.7537915510976653
2007-05-09,0.7583127620741326
2007-05-10,0.76169116883973
2007-05-11,0.7639188646402298
2007-05-14,0.7603826220497283
2007-05-15,0.7623962161711935
2007-05-16,0.7683396225390058
2007-05-17,0.7688571195754832
2007-05-18,0.769141464992951
2007-05-21,0.7662485036139824
2007-05-22,0.7663448892887805
2007-05-23,0.7989835936283615
2007-05-24,0.8050371719213392
2007-05-25,0.8087365055645526
2007-05-29,0.8094930750868328
2007-05-30,0.821219798873779
2007-05-31,0.8179591831343438
2007-06-01,0.8138600716576341
2007-06-04,0.82238979686312
2007-06-05,0.8230328848186692
2007-06-06,0.8213093520418431
2007-06-07,0.8079224779031018
2007-06-08,0.8031474946733598
2007-06-11,0.7966882450790982
2007-06-12,0.7894758008540601
2007-06-13,0.789935818296843
2007-06-14,0.7925507400661322
2007-06-15,0.7922884272405419
2007-06-18,0.7980987333550545
2007-06-19,0.796205030070319
2007-06-20,0.7938500007981848
2007-06-21,0.7932051208825507
2007-06-22,0.8058079125633045
2007-06-25,0.8005760458887083
2007-06-26,0.8032946684832801
2007-06-27,0.8050666879170901
2007-06-28,0.8091436925952107
2007-06-29,0.8050274583633672
2007-07-02,0.8041992068436936
2007-07-03,0.8069007888897238
2007-07-05,0.7987174042828974
2007-07-06,0.8098877674214736
2007-07-09,0.8100984785088546
2007-07-10,0.8032327838122876
2007-07-11,0.8037580275439076
2007-07-12,0.7952049733006725
2007-07-13,0.7860472805595361
2007-07-16,0.782410678663311
2007-07-17,0.7850963251966439
2007-07-18,0.785464325018459
2007-07-19,0.7910439324333834
2007-07-20,0.7751673922242746
2007-07-23,0.7697037822915963
2007-07-24,0.7871511292015074
2007-07-25,0.7760138867289847
2007-07-26,0.7641083837644224
2007-07-27,0.7561826707960313
2007-07-30,0.7616460343244833
2007-07-31,0.7716315766946813
2007-08-01,0.7563936561648157
2007-08-02,0.7507495663438566
2007-08-03,0.7440165134234287
2007-08-06,0.7370817689188798
2007-08-07,0.7373590426897453
2007-08-08,0.7406858157084477
2007-08-09,0.7301199489718239
2007-08-10,0.7134006641732112
2007-08-13,0.703805120750188
2007-08-14,0.7069298638735845
2007-08-15,0.7025212183517805
2007-08-16,0.6940109328462946
2007-08-17,0.6774263549993006
2007-08-20,0.678258002382671
2007-08-21,0.6781383476854692
2007-08-22,0.6848608950654653
2007-08-23,0.690023592870646
2007-08-24,0.6937934465784059
2007-08-27,0.6913392879442176
2007-08-28,0.685438947282885
2007-08-29,0.6841324856243446
2007-08-30,0.6946919187333814
2007-08-31,0.6988249676301325
2007-09-04,0.7055566776102401
2007-09-05,0.708119556137956
2007-09-06,0.7095855928067427
2007-09-07,0.7014798094500725
2007-09-10,0.7069159601310941
2007-09-11,0.7040926981241792
2007-09-12,0.7022271617730601
2007-09-13,0.7053923421595865
2007-09-14,0.7078070721874141
2007-09-17,0.7036233902052716
2007-09-18,0.6988819884514375
2007-09-19,0.688361625173286
2007-09-20,0.6888799461963889
2007-09-21,0.6876720382858086
2007-09-24,0.685635662017497
2007-09-25,0.6900952833068552
2007-09-26,0.6848097602172716
2007-09-27,0.6839961635443116
2007-09-28,0.6882721404198633
2007-10-01,0.6770281707095334
2007-10-02,0.6673613845039265
2007-10-03,0.6715838266709632
2007-10-04,0.669572892750306
2007-10-05,0.6761632258008274
2007-10-08,0.6872656288868805
2007-10-09,0.6833573736162307
2007-10-10,0.6891261456156365
2007-10-11,0.7051899762557006
2007-10-12,0.7096365635564775
2007-10-15,0.7178565403036464
2007-10-16,0.7176005499253845
2007-10-17,0.7234896132316189
2007-10-18,0.7165893539947008
2007-10-19,0.7106062004928512
2007-10-22,0.7079794546553919
2007-10-23,0.7063466793326446
2007-10-24,0.7182499972591584
2007-10-25,0.7169644202027855
2007-10-26,0.7084994197948236
2007-10-29,0.7018317062714888
2007-10-30,0.6960551741638783
2007-10-31,0.6991431717781073
2007-11-01,0.6934324108213588
2007-11-02,0.6986511698599619
2007-11-05,0.72176241182713
2007-11-06,0.7261922911101747
2007-11-07,0.7239288502767111
2007-11-08,0.7292961330095555
2007-11-09,0.710283869129925
2007-11-12,0.7260076495170201
2007-11-13,0.7181320795572904
2007-11-14,0.7163252819174205
2007-11-15,0.7266386143196384
2007-11-16,0.7290044721847717
2007-11-19,0.7285507083686104
2007-11-20,0.732126477919983
2007-11-21,0.7471785925573909
2007-11-23,0.7509498654125405
2007-11-26,0.7403117988573155
2007-11-27,0.7405667479155482
2007-11-28,0.725963016038557
2007-11-29,0.725217486449151
2007-11-30,0.7233188063543946
2007-12-03,0.7252613429362715
2007-12-04,0.7376678282324665
2007-12-05,0.7338015414623574
2007-12-06,0.7225863590931129
2007-12-07,0.7202132752167453
2007-12-10,0.7222786800690331
2007-12-11,0.7162820979345257
2007-12-12,0.7265290486792977
2007-12-13,0.7373427198229916
2007-12-14,0.7392187772421246
2007-12-17,0.7438890882349646
2007-12-18,0.7470232731565389
2007-12-19,0.7437109878028184
2007-12-20,0.7437866681834504
2007-12-21,0.7393913600256836
2007-12-24,0.7284749684595705
2007-12-26,0.7255824623819491
2007-12-27,0.713348303787657
2007-12-28,0.7086448312424324
2007-12-31,0.7054340624066385
2008-01-02,0.6974655875321452
2008-01-03,0.6947021827592119
2008-01-04,0.6966303811225031
2008-01-07,0.6942063757782305
2008-01-08,0.6929354518913075
2008-01-09,0.6957249745800939
2008-01-10,0.6923703240487268
2008-01-11,0.7011856891714418
2008-01-14,0.7015204186810727
2008-01-15,0.6956981346294077
2008-01-16,0.6916365603702395
2008-01-17,0.6983062181869831
2008-01-18,0.7076131148635351
2008-01-22,0.6863982518815552
2008-01-23,0.6914415467283711
2008-01-24,0.6779321526337262
2008-01-25,0.6720828003137327
2008-01-28,0.6717202596452773
2008-01-29,0.6707876787719743
2008-01-30,0.6737224735760187
2008-01-31,0.6755523982624141
2008-02-01,0.665152540437948
2008-02-04,0.6778487282906177
2008-02-05,0.6774190091371292
2008-02-06,0.6739046487747171
2008-02-07,0.6684672498559631
2008-02-08,0.6606041973702769
2008-02-11,0.6707249243357699
2008-02-12,0.6718129243403381
2008-02-13,0.6685702106745245
2008-02-14,0.6718805803451944
2008-02-15,0.6617567235657575
2008-02-19,0.6592056994826008
2008-02-20,0.6622568776208722
2008-02-21,0.6662810646248842
2008-02-22,0.6691021446122919
2008-02-25,0.6686484692769182
2008-02-26,0.6786661417048312
2008-02-27,0.684045141899978
2008-02-28,0.6895452358103786
2008-02-29,0.6749200959326191
2008-03-03,0.6675252528174649
2008-03-04,0.6684638658753668
2008-03-05,0.6649094223431631
2008-03-06,0.6687651645367235
2008-03-07,0.6671247909129729
2008-03-10,0.6782820805129918
2008-03-11,0.6517924293664729
2008-03-12,0.6386116752518498
2008-03-13,0.6343711257646829
2008-03-14,0.6357090958337415
2008-03-17,0.6355776281566045
2008-03-18,0.6158924012713384
2008-03-19,0.61324257411191
2008-03-20,0.6215903343698166
2008-03-24,0.6167075502742615
2008-03-25,0.6173779132061301
2008-03-26,0.6199403388979721
2008-03-27,0.6225015039940089
2008-03-28,0.621860717028593
2008-03-31,0.6283809396336834
2008-04-01,0.612323303997008
2008-04-02,0.613290133620875
2008-04-03,0.6091221800429061
2008-04-04,0.6044338655833733
2008-04-07,0.6082079110333987
2008-04-08,0.6061863470967463
2008-04-09,0.6042763378164036
2008-04-10,0.5991793785737591
2008-04-11,0.6041494263211885
2008-04-14,0.6044531186484723
2008-04-15,0.6011605754360795
2008-04-16,0.6020704137033758
2008-04-17,0.6147246714691568
2008-04-18,0.6028620482125445
2008-04-21,0.6207411977483459
2008-04-22,0.6079785812217723
2008-04-23,0.6116536915759162
2008-04-24,0.6145662275799935
2008-04-25,0.6163548001051778
2008-04-28,0.6188493689683949
2008-04-29,0.6651868200521883
2008-04-30,0.6626090509998396
2008-05-01,0.6782377180508797
2008-05-02,0.6559850425008845
2008-05-05,0.6448397934390353
2008-05-06,0.6416308514701495
2008-05-07,0.6403805641112486
2008-05-08,0.640348281186385
2008-05-09,0.6389639856514894
2008-05-12,0.6361311111460232
2008-05-13,0.6417132667825927
2008-05-14,0.6430124380853914
2008-05-15,0.6536489148083406
2008-05-16,0.6546032596820327
2008-05-19,0.6653470646351691
2008-05-20,0.6637330757779708
2008-05-21,0.6551339405264045
2008-05-22,0.6494889868599338
2008-05-23,0.6477972918956901
2008-05-27,0.6607389941494383
2008-05-28,0.6682725182250387
2008-05-29,0.6677769188044419
2008-05-30,0.6755483272172591
2008-06-02,0.6651388354226117
2008-06-03,0.6717677623177188
2008-06-04,0.670335916547232
2008-06-05,0.6749558456761977
2008-06-06,0.6557137255035569
2008-06-09,0.6360336449346348
2008-06-10,0.6414670304456035
2008-06-11,0.6488353510755202
2008-06-12,0.6715303808082076
2008-06-13,0.672822685764167
2008-06-16,0.6799968925034655
2008-06-17,0.6908217341569941
2008-06-18,0.6843159493412876
2008-06-19,0.6869814510318858
2008-06-20,0.6813472351556937
2008-06-23,0.6848262593865978
2008-06-24,0.6831959864524889
2008-06-25,0.7005822181466695
2008-06-26,0.6921744785615654
2008-06-27,0.6872751270661989
2008-06-30,0.6900517227176196
2008-07-01,0.6896866207416971
2008-07-02,0.6875050679774168
2008-07-03,0.6886228800320776
2008-07-07,0.6872372073235323
2008-07-08,0.6871281108080523
2008-07-09,0.6849533566241328
2008-07-10,0.6791604932539659
2008-07-11,0.683658276179785
2008-07-14,0.6800104553729488
2008-07-15,0.6852121824440812
2008-07-16,0.6791166811732832
2008-07-17,0.6760102996686127
2008-07-18,0.6801229632985453
2008-07-21,0.6818825278185239
2008-07-22,0.6843218482839618
2008-07-23,0.6848336355449786
2008-07-24,0.6864977884810595
2008-07-25,0.6872528502962595
2008-07-28,0.6814501597222177
2008-07-29,0.6798448217202151
2008-07-30,0.6842306638594096
2008-07-31,0.6965508101208069
2008-08-01,0.6963459075550161
2008-08-04,0.7009011402485289
2008-08-05,0.6941775134685787
2008-08-06,0.6949843441280789
2008-08-07,0.6970347409828731
2008-08-08,0.6966071505137149
2008-08-11,0.6899917077382314
2008-08-12,0.6880508644532815
2008-08-13,0.6858583373193803
2008-08-14,0.6851847137833813
2008-08-15,0.6855807025831391
2008-08-18,0.6877422431189475
2008-08-19,0.6877073186772468
2008-08-20,0.6904573730570162
2008-08-21,0.6912972957122447
2008-08-22,0.6846000946224527
2008-08-25,0.6854939282633565
2008-08-26,0.6844300399738283
2008-08-27,0.6835809288061657
2008-08-28,0.6816233304069722
2008-08-29,0.6840235081529598
2008-09-02,0.6842633084131042
2008-09-03,0.6841940389542346
2008-09-04,0.6858179014614232
2008-09-05,0.6849905760889073
2008-09-08,0.6647901540883707
2008-09-09,0.6661661816797841
2008-09-10,0.6621862544159864
2008-09-11,0.6528022805198108
2008-09-12,0.6553598379328551
2008-09-15,0.6451260505222639
2008-09-16,0.6503713674706365
2008-09-17,0.6470007894230994
2008-09-18,0.6561726981960959
2008-09-19,0.6487220467661058
2008-09-22,0.6437498336729396
2008-09-23,0.6321914707217381
2008-09-24,0.6336576339477837
2008-09-25,0.6300957250439283
2008-09-26,0.6322014618025925
2008-09-29,0.6334354083353513
2008-09-30,0.6209514521949389
2008-10-01,0.6274657287103211
2008-10-02,0.630343108646137
2008-10-03,0.64036323017398
2008-10-06,0.6170396537957298
2008-10-07,0.6181511803525274
2008-10-08,0.6014225072835818
2008-10-09,0.6143089445455112
2008-10-10,0.6434715669676329
2008-10-13,0.6221095239510132
2008-10-14,0.6193258188949593
2008-10-15,0.6105790532063426
2008-10-16,0.6251458710453299
2008-10-17,0.615131364381994
2008-10-20,0.609427646515561
2008-10-21,0.6097816900718316
2008-10-22,0.5933773941947111
2008-10-23,0.5974833823161224
2008-10-24,0.5879822263862503
2008-10-27,0.5975143995123885
2008-10-28,0.6094351761931917
2008-10-29,0.6109048182516829
2008-10-30,0.6060051526222673
2008-10-31,0.5964604655886244
2008-11-03,0.5983987806083382
2008-11-04,0.6036828011096093
2008-11-05,0.6113644781587354
2008-11-06,0.5795033953807711
2008-11-07,0.5645269960746924
2008-11-10,0.566303355938818
2008-11-11,0.5682108803834167
2008-11-12,0.5692539210679887
2008-11-13,0.5663479449835583
2008-11-14,0.5681763101573651
2008-11-17,0.5684507691717152
2008-11-18,0.5508601383547614
2008-11-19,0.5437049268589236
2008-11-20,0.5394868866679698
2008-11-21,0.5504513092212844
2008-11-24,0.5402647283937557
2008-11-25,0.5398850342364366
2008-11-26,0.5371079254922455
2008-11-28,0.5359411341851016
2008-12-01,0.5388377386698606
2008-12-02,0.5395663875337522
2008-12-03,0.532240099426996
2008-12-04,0.5313077526261946
2008-12-05,0.5355738247627196
2008-12-08,0.5350505836686151
2008-12-09,0.5523683714455202
2008-12-10,0.5461125415688769
2008-12-11,0.5489002560554125
2008-12-12,0.5532622102781082
2008-12-15,0.5587157125786459
2008-12-16,0.5436710163082261
2008-12-17,0.5478098652207876
2008-12-18,0.5542827534753009
2008-12-19,0.5559790050098391
2008-12-22,0.5517768128996393
2008-12-23,0.5536711252007139
2008-12-24,0.5637703376335103
2008-12-26,0.5670443647024688
2008-12-29,0.5577832227772215
2008-12-30,0.5530068693485646
2008-12-31,0.5620302260044255
2009-01-02,0.5488524961709267
2009-01-05,0.5439967907632947
2009-01-06,0.5321822607829508
2009-01-07,0.5400850733459609
2009-01-08,0.5633110442272744
2009-01-09,0.5776846374675106
2009-01-12,0.5917653245243107
2009-01-13,0.5906671100139586
2009-01-14,0.5707583729587
2009-01-15,0.5769326051497049
2009-01-16,0.5716544528368444
2009-01-20,0.5839357238834202
2009-01-21,0.5854490388596852
2009-01-22,0.5923942296550001
2009-01-23,0.5917739944511734
2009-01-26,0.6044101398887426
2009-01-27,0.613736813694117
2009-01-28,0.6031732438570465
2009-01-29,0.6118824255788641
2009-01-30,0.6182992727485876
2009-02-02,0.6052474745464621
2009-02-03,0.6174058464428127
2009-02-04,0.647713132732116
2009-02-05,0.6556882167034753
2009-02-06,0.6615307658058829
2009-02-09,0.6663633428249051
2009-02-10,0.6699419781369559
2009-02-11,0.6778377798284607
2009-02-12,0.6768561694794765
2009-02-13,0.6768279289985809
2009-02-17,0.6479600165008275
2009-02-18,0.6396673886794136
2009-02-19,0.6380543969428144
2009-02-20,0.628839150135153
2009-02-23,0.6355159527508242
2009-02-24,0.6490818735816687
2009-02-25,0.6417818180458832
2009-02-26,0.6441436496983676
2009-02-27,0.6587279946973177
2009-03-02,0.6434607945218841
2009-03-03,0.6618673125894672
2009-03-04,0.6678685419940926
2009-03-05,0.6446509392380549
2009-03-06,0.6499884060145047
2009-03-09,0.658564631436885
2009-03-10,0.6258429499958715
2009-03-11,0.6200590843556338
2009-03-12,0.6217509265871144
2009-03-13,0.6180407037773956
2009-03-16,0.6288011362268696
2009-03-17,0.6302600797475475
2009-03-18,0.6196220545355804
2009-03-19,0.6237179222949161
2009-03-20,0.6301403617691028
2009-03-23,0.6258045850460263
2009-03-24,0.6266443931625889
2009-03-25,0.6307213575324383
2009-03-26,0.6248731218746217
2009-03-27,0.6262860308466575
2009-03-30,0.6219805053901936
2009-03-31,0.6311212180904524
2009-04-01,0.6244374640340153
2009-04-02,0.6119501606630224
2009-04-03,0.615873312163633
2009-04-06,0.6123538864478625
2009-04-07,0.6134809570324625
2009-04-08,0.6256104206183879
2009-04-09,0.6099267639924378
2009-04-13,0.6145149044930884
2009-04-14,0.6132846899810499
2009-04-15,0.6170137065873313
2009-04-16,0.6120387570574257
2009-04-17,0.6289853777657777
2009-04-20,0.6305094108551044
2009-04-21,0.6275637463191033
2009-04-22,0.6334612060613347
2009-04-23,0.6322839709881238
2009-04-24,0.6376369685389639
2009-04-27,0.6339719513436559
2009-04-28,0.6435250323218824
2009-04-29,0.643775628024875
2009-04-30,0.6478296941899738
2009-05-01,0.6477482513863033
2009-05-04,0.6439836809580878
2009-05-05,0.6519739415076239
2009-05-06,0.6557017295859031
2009-05-07,0.6663414304774619
2009-05-08,0.6724739225403963
2009-05-11,0.6662443652935671
2009-05-12,0.668639623903234
2009-05-13,0.6763808492637025
2009-05-14,0.673421935116721
2009-05-15,0.6672272056797345
2009-05-18,0.6735466936566091
2009-05-19,0.6818905533204417
2009-05-20,0.685785900701251
2009-05-21,0.681887708248035
2009-05-22,0.682268342556897
2009-05-26,0.6860299116218622
2009-05-27,0.6879932275000116
2009-05-28,0.6854845874234942
2009-05-29,0.6820374427874213
2009-06-01,0.6960113055977155
2009-06-02,0.6940020075560652
2009-06-03,0.6965009534230988
2009-06-04,0.7051526576372903
2009-06-05,0.6995870172598334
2009-06-08,0.6895457095291452
2009-06-09,0.6927969676899493
2009-06-10,0.6898729006678316
2009-06-11,0.6917214090504732
2009-06-12,0.6895479634040541
2009-06-15,0.6787243266918226
2009-06-16,0.6760073716663223
2009-06-17,0.6845838644200035
2009-06-18,0.6868165148006289
2009-06-19,0.6844654882910467
2009-06-22,0.676447893191078
2009-06-23,0.6772416258128553
2009-06-24,0.6929895963108069
2009-06-25,0.6940540243153079
2009-06-26,0.6977254343861969
2009-06-29,0.7159391577771153
2009-06-30,0.7174478028320265
2009-07-01,0.7204145265409018
2009-07-02,0.7155777359745481
2009-07-06,0.7099722068161778
2009-07-07,0.7121902566581647
2009-07-08,0.7079259504653956
2009-07-09,0.6949155088366362
2009-07-10,0.694534732962079
2009-07-13,0.6905721541899021
2009-07-14,0.6824696292223359
2009-07-15,0.6874833783806599
2009-07-16,0.6851144370929763
2009-07-17,0.6857632000144599
2009-07-20,0.6841633203029492
2009-07-21,0.6782498061091372
2009-07-22,0.6898761449917777
2009-07-23,0.6898846197907746
2009-07-24,0.697775197139059
2009-07-27,0.6914085559358163
2009-07-28,0.6872334591300733
2009-07-29,0.7081105857445661
2009-07-30,0.707049703516005
2009-07-31,0.7041720091156319
2009-08-03,0.7028717940745394
2009-08-04,0.6934741311683584
2009-08-05,0.7084284209793296
2009-08-06,0.706191215635712
2009-08-07,0.7244452316842888
2009-08-10,0.72291856458989
2009-08-13,0.7196341563443706
2009-08-14,0.725410217416518
2009-08-17,0.7136684813473946
2009-08-18,0.7027770336233049
2009-08-19,0.7219535652296529
2009-08-20,0.7104637140051139
2009-08-21,0.704260057739207
2009-08-24,0.7069603637466615
2009-08-25,0.7102903486685286
2009-08-26,0.7135363942055032
2009-08-27,0.7314866822804812
2009-08-28,0.7345812871116877
2009-08-31,0.731288296603975
2009-09-01,0.7279597714899672
2009-09-02,0.7163997204475008
2009-09-03,0.7212517180496176
2009-09-04,0.7132729232706964
2009-09-08,0.7100098549852756
2009-09-09,0.7094139247499813
2009-09-10,0.7022066194839333
2009-09-11,0.7114106129084901
2009-09-14,0.7108251263494716
2009-09-15,0.7145628993920625
2009-09-16,0.7015240290612761
2009-09-17,0.694306643104572
2009-09-18,0.711549524281138
2009-09-21,0.7118740497166116
2009-09-22,0.7133286467478299
2009-09-23,0.7047889181700472
2009-09-24,0.6990288435101308
2009-09-25,0.6973206469576609
2009-09-28,0.7007313635111956
2009-09-29,0.7008668884878753
2009-09-30,0.71404196984717
2009-10-01,0.710698782507423
2009-10-02,0.7025484771256266
2009-10-05,0.7073328616653914
2009-10-06,0.7020647707636363
2009-10-07,0.7028578768024727
2009-10-08,0.7025229511208947
2009-10-09,0.7018468119475793
2009-10-12,0.7090308153672131
2009-10-13,0.7138871220523011
2009-10-14,0.7051748707712233
2009-10-15,0.7153472490844139
2009-10-16,0.7211276297157468
2009-10-19,0.7207371401185388
2009-10-20,0.7114982551786961
2009-10-21,0.7075006956515854
2009-10-22,0.7198660407725221
2009-10-23,0.722412844052503
2009-10-26,0.7189882683757574
2009-10-27,0.7236354403172365
2009-10-28,0.7220378263492735
2009-10-29,0.7197874311822707
2009-10-30,0.7139747846851501
2009-11-02,0.7042895027695962
2009-11-03,0.703184955033659
2009-11-04,0.6979868729248487
2009-11-05,0.6912392116592835
2009-11-06,0.6987396979962678
2009-11-09,0.6925802471084201
2009-11-10,0.7026394588609108
2009-11-11,0.6962585767580522
2009-11-12,0.689219502131133
2009-11-13,0.6979752790232635
2009-11-16,0.6997576761721299
2009-11-17,0.7092199629690957
2009-11-18,0.7077398327441372
2009-11-19,0.6977883566612907
2009-11-20,0.6928783562677538
2009-11-23,0.6820167331567945
2009-11-24,0.6922739124382175
2009-11-25,0.7017516680641156
2009-11-27,0.6939850095286162
2009-11-30,0.6940030405082908
2009-12-01,0.6916810467485104
2009-12-02,0.6809487272995712
2009-12-03,0.6787713872474097
2009-12-04,0.6769316736718214
2009-12-07,0.6816857183353564
2009-12-08,0.6692711537179115
2009-12-09,0.6718808095287697
2009-12-10,0.6650831146201468
2009-12-11,0.6797735177613002
2009-12-14,0.6833087795977901
2009-12-15,0.6808373213558904
2009-12-16,0.6831891250275076
2009-12-17,0.6724775000646919
2009-12-18,0.6860803777874103
2009-12-21,0.6834960311382108
2009-12-22,0.6841929650964469
2009-12-23,0.6818535293205185
2009-12-24,0.6800677902716913
2009-12-28,0.6881092312614987
2009-12-29,0.7016717068435547
2009-12-30,0.7024768275951003
2009-12-31,0.7109454902649207
2010-01-04,0.7099323570442853
2010-01-05,0.7168454734808292
2010-01-06,0.7219315233867584
2010-01-07,0.7228904550261843
2010-01-08,0.730453691683484
2010-01-11,0.7402689435733721
2010-01-12,0.7350289805442681
2010-01-13,0.7234085435679742
2010-01-14,0.7073953032693928
2010-01-15,0.7038934123296169
2010-01-19,0.7162018823031712
2010-01-20,0.7080297576525559
2010-01-21,0.6986393839341758
2010-01-22,0.6873249088653778
2010-01-25,0.6820661923797844
2010-01-26,0.6853608998099185
2010-01-27,0.6869932992398636
2010-01-28,0.7059266916797186
2010-01-29,0.7101193217008108
2010-02-01,0.729484986909243
2010-02-02,0.7367895752480684
2010-02-03,0.7474049353166047
2010-02-04,0.7378422460525899
2010-02-05,0.7392884688529189
2010-02-08,0.7431457185175181
2010-02-09,0.7447126308361833
2010-02-10,0.7426377459666244
2010-02-11,0.7417610623292508
2010-02-12,0.7440182601321249
2010-02-16,0.7291559446031558
2010-02-17,0.7228580512576441
2010-02-18,0.7327449709570686
2010-02-19,0.7359248937944336
2010-02-22,0.7471586728720973
2010-02-23,0.7449247439366498
2010-02-24,0.7412005537840857
2010-02-25,0.7571734461697059
2010-02-26,0.7520346325662668
2010-03-01,0.7568059768572518
2010-03-02,0.7582230140943186
2010-03-03,0.7580668799248598
2010-03-04,0.7543714403474276
2010-03-05,0.7561088522807086
2010-03-08,0.7511157614034927
2010-03-09,0.7492966512994952
2010-03-10,0.7521387991570837
2010-03-11,0.7415107340998509
2010-03-12,0.7409385358318129
2010-03-15,0.7471065915945906
2010-03-16,0.7435585137273023
2010-03-17,0.7570179044122535
2010-03-18,0.7618134380319213
2010-03-19,0.7646702020400163
2010-03-22,0.7613951160455423
2010-03-23,0.7705709148727841
2010-03-24,0.7629174133893747
2010-03-25,0.7614704796432826
2010-03-26,0.7603262591373006
2010-03-29,0.7685115713115264
2010-03-30,0.7728646472100722
2010-03-31,0.7694608004357236
2010-04-06,0.7741035917853939
2010-04-07,0.7671186967535005
2010-04-08,0.7734990222818295
2010-04-09,0.7666590360518997
2010-04-12,0.7574318582952416
2010-04-13,0.7554053384397982
2010-04-14,0.748583824884836
2010-04-15,0.7563470724886637
2010-04-16,0.7492830084310546
2010-04-19,0.7456769253085542
2010-04-20,0.7442262705358785
2010-04-21,0.7525673371241383
2010-04-22,0.7659270353520793
2010-04-23,0.7636103530117102
2010-04-26,0.7761897015156383
2010-04-27,0.7742049692136435
2010-04-28,0.7613001940957949
2010-04-29,0.7599439413955529
2010-04-30,0.756554957582997
2010-05-03,0.7538201806510497
2010-05-04,0.7399901978377676
2010-05-05,0.7363341512764943
2010-05-06,0.6796731720987185
2010-05-07,0.6551434849694461
2010-05-10,0.641855373449512
2010-05-11,0.6405134798819874
2010-05-12,0.642462885977841
2010-05-13,0.6449590153459397
2010-05-14,0.6354091939023253
2010-05-17,0.6324154865634077
2010-05-18,0.6310095572930808
2010-05-19,0.6186821218433258
2010-05-20,0.5949860028568578
2010-05-21,0.5871457505964401
2010-05-24,0.5891494730196634
2010-05-25,0.5791957155399806
2010-05-26,0.5754691981610738
2010-05-27,0.5812796288048748
2010-05-28,0.5850049910959503
2010-06-01,0.5812988426577762
2010-06-02,0.5782514164527046
2010-06-03,0.5790631280513261
2010-06-04,0.5663120938028323
2010-06-07,0.5608257574775524
2010-06-08,0.5551920030893741
2010-06-09,0.5517150935191882
2010-06-10,0.5450186933609699
2010-06-11,0.5359165356145416
2010-06-14,0.5362636785266494
2010-06-15,0.5364523354845409
2010-06-16,0.5342992598866568
2010-06-17,0.5410370750500375
2010-06-18,0.5485181428269134
2010-06-21,0.5473442952760349
2010-06-22,0.5428408119685392
2010-06-23,0.5434200403105407
2010-06-24,0.5445553482962194
2010-06-25,0.5531868467543752
2010-06-28,0.5504697800914826
2010-06-29,0.5363973731830542
2010-06-30,0.5316344554232827
2010-07-01,0.5253368276956235
2010-07-02,0.528098117659143
2010-07-06,0.5284816094480154
2010-07-07,0.5266542419694926
2010-07-08,0.5141071607102556
2010-07-09,0.5112638319725876
2010-07-12,0.505220962815135
2010-07-13,0.5103839462915106
2010-07-14,0.5211656230317601
2010-07-15,0.519290024721457
2010-07-16,0.5088313198269423
2010-07-19,0.5034466771185205
2010-07-20,0.5057369197645974
2010-07-21,0.5055538900544911
2010-07-22,0.5148068398749456
2010-07-23,0.5270877053153653
2010-07-26,0.5297238536346061
2010-07-27,0.5467441500526214
2010-07-28,0.5502259603921802
2010-07-29,0.5442193629767436
2010-07-30,0.5337495260371978
2010-08-02,0.5183373555780609
2010-08-03,0.5566643104648853
2010-08-04,0.5603709220798465
2010-08-05,0.5649777103808683
2010-08-06,0.5594221059274963
2010-08-09,0.5522706626717189
2010-08-10,0.560027809262055
2010-08-11,0.5591998652209029
2010-08-12,0.553906345901995
2010-08-13,0.5626326314089655
2010-08-16,0.573048798246759
2010-08-17,0.5632037486753225
2010-08-18,0.5722891230607701
2010-08-19,0.584870428318711
2010-08-20,0.5862257261472069
2010-08-23,0.5877072956934934
2010-08-24,0.5739443087701183
2010-08-25,0.5747074633698128
2010-08-26,0.5738335429276178
2010-08-27,0.5790294279524323
2010-08-30,0.5885122566554706
2010-08-31,0.5933978470227248
2010-09-01,0.564819568513635
2010-09-02,0.5673650156460122
2010-09-03,0.5749037011485102
2010-09-07,0.5670104168690362
2010-09-08,0.5720035675226237
2010-09-09,0.5775385392148215
2010-09-10,0.5762878863587138
2010-09-13,0.5714033441155528
2010-09-14,0.5734290890267597
2010-09-15,0.5715778464427185
2010-09-16,0.5764306930662534
2010-09-17,0.5781754471689136
2010-09-20,0.5836732642469746
2010-09-21,0.5997024353054468
2010-09-22,0.5892238770422122
2010-09-23,0.6065707285467278
2010-09-24,0.6030065854234965
2010-09-27,0.6120449300329595
2010-09-28,0.6187682814348394
2010-09-29,0.6301844220027625
2010-09-30,0.6451054376836783
2010-10-01,0.6686057467078633
2010-10-04,0.6690372550726303
2010-10-05,0.6734270088153937
2010-10-06,0.6595873333908234
2010-10-07,0.65687561846533
2010-10-08,0.660059540841614
2010-10-11,0.6770474780094504
2010-10-12,0.6752640403067068
2010-10-13,0.6572312657755177
2010-10-14,0.6599009766515584
2010-10-15,0.6708611336901552
2010-10-18,0.6775631319099586
2010-10-19,0.6668476912470258
2010-10-20,0.6653781739489963
2010-10-21,0.6731632079636107
2010-10-22,0.6731928951757135
2010-10-25,0.693447336344463
2010-10-26,0.7042827073527996
2010-10-27,0.6863890402567436
2010-10-28,0.672747193147402
2010-10-29,0.6731442457994599
2010-11-01,0.6774354696498748
2010-11-02,0.686345635868233
2010-11-03,0.6908118400761819
2010-11-04,0.6943059623612247
2010-11-05,0.709899782242944
2010-11-08,0.7186899493618797
2010-11-09,0.7165679606062161
2010-11-10,0.7277826621234414
2010-11-11,0.7393789177340182
2010-11-12,0.7383655389351128
2010-11-15,0.7470222488631701
2010-11-16,0.7469898548273517
2010-11-17,0.7576222243347703
2010-11-18,0.7387617271952188
2010-11-19,0.7390132643781918
2010-11-22,0.7423798486271597
2010-11-23,0.7261416569155645
2010-11-24,0.7242237287143312
2010-11-26,0.7279037620286781
2010-11-29,0.7335384962272792
2010-11-30,0.7295016283842277
2010-12-01,0.7063738937290339
2010-12-02,0.6961691290866151
2010-12-03,0.6991965746368093
2010-12-06,0.697938235200036
2010-12-07,0.7019956925639379
2010-12-08,0.6965043263924376
2010-12-09,0.7028039971156624
2010-12-10,0.7064859092023961
2010-12-13,0.7097321495660078
2010-12-14,0.71456903628992
2010-12-15,0.7191117007626942
2010-12-16,0.723973470151589
2010-12-17,0.7251497480985037
2010-12-20,0.7366881032170828
2010-12-21,0.7301509397492161
2010-12-22,0.7385383270818878
2010-12-23,0.7373781766203725
2010-12-27,0.7337029958791683
2010-12-28,0.736276988199344
2010-12-29,0.7373988104268261
2010-12-30,0.7496561478265188
2010-12-31,0.7418647237612849
2011-01-03,0.7383740857269131
2011-01-04,0.7418918491275854
2011-01-05,0.740516159295347
2011-01-06,0.7413914889497957
2011-01-07,0.7567147660230895
2011-01-10,0.7564035832442689
2011-01-11,0.7640486915213753
2011-01-12,0.7631364647467725
2011-01-13,0.7659622552412737
2011-01-14,0.7602916942259208
2011-01-18,0.7680161948748656
2011-01-19,0.769332538788738
2011-01-20,0.7712861107260348
2011-01-21,0.7799993729165524
2011-01-24,0.7826912014260147
2011-01-25,0.785787847191555
2011-01-26,0.7820778303307206
2011-01-27,0.784579105920816
2011-01-28,0.7782274112343847
2011-01-31,0.7756297066896147
2011-02-01,0.7836917198276111
2011-02-02,0.7763325334064952
2011-02-03,0.7855755393787536
2011-02-04,0.78389312977307
2011-02-07,0.7843113043492443
2011-02-08,0.7767913591028541
2011-02-09,0.7792601169979487
2011-02-10,0.7881475343110311
2011-02-11,0.8087332112483918
2011-02-14,0.8132532985040954
2011-02-15,0.825441654412253
2011-02-16,0.8237017888697687
2011-02-17,0.8182086248602568
2011-02-18,0.831389582493455
2011-02-22,0.8316087936562818
2011-02-23,0.821919214029374
2011-02-24,0.823066459834906
2011-02-25,0.8211705501498214
2011-02-28,0.8227690361662594
2011-03-01,0.8234487739208199
2011-03-02,0.8195513567682636
2011-03-03,0.8059989827962075
2011-03-04,0.8080299464966803
2011-03-07,0.8018122605107829
2011-03-08,0.7967006008064728
2011-03-09,0.804119143708111
2011-03-10,0.7973938329372025
2011-03-11,0.7991392303322946
2011-03-14,0.799000568660139
2011-03-15,0.7709191990425807
2011-03-16,0.7646843346701806
2011-03-17,0.7567292908140107
2011-03-18,0.7498948162817439
2011-03-21,0.7432824319001999
2011-03-22,0.7430555957741463
2011-03-23,0.7438276604818975
2011-03-24,0.7377072282568911
2011-03-25,0.7363852994943284
2011-03-28,0.7416306781642287
2011-03-29,0.7471466199196971
2011-03-30,0.7648433638526636
2011-03-31,0.7655518735678023
2011-04-01,0.7602320275318478
2011-04-04,0.7574314654478382
2011-04-05,0.7571074255784171
2011-04-06,0.7610974168621449
2011-04-07,0.7640319441255959
2011-04-08,0.7617194909124259
2011-04-11,0.7579127955630011
2011-04-12,0.7584827156478599
2011-04-13,0.7613990139422068
2011-04-14,0.7513801706285986
2011-04-15,0.7582823888227206
2011-04-18,0.7439976803235092
2011-04-19,0.7368192590803275
2011-04-20,0.7189327110324134
2011-04-21,0.7181689045788524
2011-04-25,0.7250129295779718
2011-04-26,0.7317657861846039
2011-04-27,0.7359502857186726
2011-04-28,0.7405926496246565
2011-04-29,0.7468241516334899
2011-05-02,0.7466868054462475
2011-05-03,0.749534775575546
2011-05-04,0.7500678413466743
2011-05-05,0.7493037938902024
2011-05-06,0.7401993084417301
2011-05-09,0.7404189214822335
2011-05-10,0.7450404460953871
2011-05-11,0.739354026660485
2011-05-12,0.7353201265041571
2011-05-13,0.7331322251244772
2011-05-16,0.7285386122403826
2011-05-17,0.7213105729663404
2011-05-18,0.72838606962226
2011-05-19,0.7324682664828874
2011-05-20,0.7260290581693655
2011-05-23,0.7235919155336237
2011-05-24,0.7225880337808724
2011-05-25,0.7155379022461701
2011-05-26,0.7058838588290693
2011-05-27,0.7189272914165272
2011-05-31,0.7181735972402306
2011-06-01,0.7293792728662616
2011-06-02,0.7276464331117067
2011-06-03,0.7186562323029843
2011-06-06,0.7242109315632834
2011-06-07,0.7238285725018706
2011-06-08,0.7257901604982584
2011-06-09,0.7403509541932329
2011-06-10,0.7344614479451667
2011-06-13,0.7286683032600958
2011-06-14,0.7278279490172982
2011-06-15,0.7248006291058403
2011-06-16,0.7246597013890382
2011-06-17,0.7126903300320234
2011-06-20,0.7174224614203882
2011-06-21,0.7139353425674103
2011-06-22,0.716160961287934
2011-06-23,0.7132060524686705
2011-06-24,0.7183589056247931
2011-06-27,0.7136208214557205
2011-06-28,0.7156997398415214
2011-06-29,0.7060644487132743
2011-06-30,0.6957890509838536
2011-07-01,0.6896220729169735
2011-07-05,0.6781825887053239
2011-07-06,0.6754079147088831
2011-07-07,0.6746166181997798
2011-07-08,0.682028548352874
2011-07-11,0.662549662525233
2011-07-12,0.6594916997802408
2011-07-13,0.6699876574060474
2011-07-14,0.6890963899889558
2011-07-15,0.6844795112120774
2011-07-18,0.6823954285297277
2011-07-19,0.6699902020906957
2011-07-20,0.6732338013313508
2011-07-21,0.6676084001230504
2011-07-22,0.6808477481238124
2011-07-25,0.6655900425698456
2011-07-26,0.6581863454044362
2011-07-27,0.6645377862420029
2011-07-28,0.6605372377385222
2011-07-29,0.6471214676074899
2011-08-01,0.6521154406667552
2011-08-02,0.6451021830266291
2011-08-03,0.6421652198605944
2011-08-04,0.6354779787878572
2011-08-05,0.6125081474622748
2011-08-08,0.586842309940132
2011-08-09,0.5934998860487283
2011-08-10,0.5978193604925662
2011-08-11,0.5896716102122121
2011-08-12,0.5724787484470611
2011-08-15,0.582252530641653
2011-08-16,0.5989168343290943
2011-08-17,0.60956910293706
2011-08-18,0.5897789879586616
2011-08-19,0.5980138819605142
2011-08-22,0.5904128280843711
2011-08-23,0.5926645712930071
2011-08-24,0.5879497411704332
2011-08-25,0.6038055093835798
2011-08-26,0.590151580370253
2011-08-29,0.5801530148071374
2011-08-30,0.590721814396902
2011-08-31,0.5842818144458456
2011-09-01,0.5805078700427102
2011-09-02,0.5703535211162175
2011-09-06,0.5580320901186453
2011-09-07,0.5437982547472654
2011-09-08,0.5453806812562598
2011-09-09,0.542402507118467
2011-09-12,0.5513791675892119
2011-09-13,0.5595425400691331
2011-09-14,0.5623212196012547
2011-09-15,0.5582907267879297
2011-09-16,0.5568200671436044
2011-09-19,0.5502394787402953
2011-09-20,0.5554884042680798
2011-09-21,0.5468134458335266
2011-09-22,0.54662912625156
2011-09-23,0.5599862335037569
2011-09-26,0.5335596080764182
2011-09-27,0.5297027466463674
2011-09-28,0.5381988055133581
2011-09-29,0.5303585922444576
2011-09-30,0.5068076666156235
2011-10-03,0.493247312453889
2011-10-04,0.4817106251797058
2011-10-05,0.4527375486177498
2011-10-06,0.44889402545286566
2011-10-07,0.44455007929499213
2011-10-10,0.44013589755308574
2011-10-11,0.4387354421061015
2011-10-12,0.43484158199066386
2011-10-13,0.4566914284245734
2011-10-14,0.462989980949327
2011-10-17,0.4502885024067374
2011-10-18,0.45682948672357176
2011-10-19,0.4386198239828559
2011-10-20,0.43254114441167607
2011-10-21,0.4217818743265581
2011-10-24,0.42094029660599896
2011-10-25,0.4260481277480757
2011-10-26,0.4361144402064044
2011-10-27,0.4304323579656218
2011-10-28,0.4452359623854774
2011-10-31,0.44215594878527514
2011-11-01,0.4423750732162241
2011-11-02,0.4388058013269361
2011-11-03,0.438443499930168
2011-11-04,0.43663539868559187
2011-11-07,0.43749913384365396
2011-11-08,0.4350146289293287
2011-11-09,0.4289988674229941
2011-11-10,0.42859647977582277
2011-11-11,0.43020226913789916
2011-11-14,0.43585396421037453
2011-11-15,0.42902931323670007
2011-11-16,0.421975631786635
2011-11-17,0.41578929306569257
2011-11-18,0.4090660810476498
2011-11-21,0.4147023753016935
2011-11-22,0.4162207712544667
2011-11-23,0.41084367607072264
2011-11-25,0.4098866639861997
2011-11-28,0.4038467036844774
2011-11-29,0.4131061162718448
2011-11-30,0.418700510696858
2011-12-01,0.4228067126656159
2011-12-02,0.41909414293045216
2011-12-05,0.42608047369662366
2011-12-06,0.4282774634540221
2011-12-07,0.4310162594361099
2011-12-08,0.4291458373076106
2011-12-09,0.43452888780988697
2011-12-12,0.43434556080957387
2011-12-13,0.4463497151557006
2011-12-14,0.4474355289414735
2011-12-15,0.46017660407618305
2011-12-16,0.48184341203987147
2011-12-19,0.47529872476686974
2011-12-20,0.49018987772007505
2011-12-21,0.505478351630619
2011-12-22,0.5098546620428172
2011-12-23,0.5015592471360361
2011-12-27,0.5096886660399075
2011-12-28,0.5215461301018736
2011-12-29,0.5258604883794146
2011-12-30,0.528466785755285
2012-01-03,0.5360044998907421
2012-01-04,0.5473469157947506
2012-01-05,0.5451644595438769
2012-01-06,0.549196901092784
2012-01-09,0.5422396186386557
2012-01-10,0.5456194731230873
2012-01-11,0.5553547767728084
2012-01-12,0.5601283974449224
2012-01-13,0.5562109084933492
2012-01-17,0.5746479859313497
2012-01-18,0.5758158198689804
2012-01-19,0.5859085489624044
2012-01-20,0.5874740164751708
2012-01-23,0.5955274126609298
2012-01-24,0.5855171619362917
2012-01-25,0.5993428505084187
2012-01-26,0.5983723492972669
2012-01-27,0.6105216690171362
2012-01-30,0.6210130675813204
2012-01-31,0.6292303634067477
2012-02-01,0.6390314412668194
2012-02-02,0.6421044643476317
2012-02-03,0.6371712113839259
2012-02-06,0.6469386829846903
2012-02-07,0.6620720363042988
2012-02-08,0.6516645943501521
2012-02-09,0.6806999874309655
2012-02-10,0.6690854058528151
2012-02-13,0.6664492509076397
2012-02-14,0.6752502598081497
2012-02-15,0.6901771366049325
2012-02-16,0.6859448214263048
2012-02-17,0.7088401792290935
2012-02-21,0.7076770475004003
2012-02-22,0.7230322751488742
2012-02-23,0.7323855868022032
2012-02-24,0.7395588426941402
2012-02-27,0.7446708824636583
2012-02-28,0.7690669896943
2012-02-29,0.7672438025655686
2012-03-01,0.7657367615013023
2012-03-02,0.7643614666516484
2012-03-05,0.764179165402781
2012-03-06,0.752654811498052
2012-03-07,0.7561628970253501
2012-03-08,0.7577619938816804
2012-03-09,0.7675697946412806
2012-03-12,0.7606391928294448
2012-03-13,0.7701965611460596
2012-03-14,0.7670801686748868
2012-03-15,0.7674424412691087
2012-03-16,0.7701533391041033
2012-03-19,0.770571130836367
2012-03-20,0.7793021267338875
2012-03-21,0.7792847341112147
2012-03-22,0.7792305789840085
2012-03-23,0.7813721944670594
2012-03-26,0.7754140300762441
2012-03-27,0.7687258929489065
2012-03-28,0.7656870340912545
2012-03-29,0.7725588011152321
2012-03-30,0.7594717258074022
2012-04-02,0.7600368928935949
2012-04-03,0.7639806612400026
2012-04-04,0.7507009024519805
2012-04-05,0.7512000918947795
2012-04-09,0.7512579909561354
2012-04-10,0.738085259399851
2012-04-11,0.7461992238817589
2012-04-12,0.7459361345234459
2012-04-13,0.7473197060700475
2012-04-16,0.7477820907607864
2012-04-17,0.7449934057471966
2012-04-18,0.751637153351339
2012-04-19,0.7510496450168439
2012-04-20,0.7483750474899948
2012-04-23,0.7393558988679466
2012-04-24,0.7390564297434622
2012-04-25,0.7466982035297784
2012-04-26,0.7504568058550679
2012-04-27,0.7482942240009776
2012-04-30,0.7452573904738488
2012-05-01,0.765695734858309
2012-05-02,0.7625306306015203
2012-05-03,0.7649054830597943
2012-05-04,0.7540452494528862
2012-05-07,0.7423041797123489
2012-05-08,0.7432603843363687
2012-05-09,0.7437406654573949
2012-05-10,0.740691308011447
2012-05-11,0.7354233898739759
2012-05-14,0.7212765854189653
2012-05-15,0.7366195057479092
2012-05-16,0.7286076439404258
2012-05-17,0.7207022038008888
2012-05-18,0.7210419384950698
2012-05-21,0.7265014076822784
2012-05-22,0.7324481813251109
2012-05-23,0.7333048206213071
2012-05-24,0.7319828536322843
2012-05-25,0.7299828677219498
2012-05-29,0.7260514423454383
2012-05-30,0.7244666300638749
2012-05-31,0.7351438000919643
2012-06-01,0.7245628493663536
2012-06-04,0.7223242604327628
2012-06-05,0.7233519247508392
2012-06-06,0.7106079369570684
2012-06-07,0.6959687150499799
2012-06-08,0.7078624216720466
2012-06-11,0.6932070689326922
2012-06-12,0.6932400031018113
2012-06-13,0.6952192029050954
2012-06-14,0.6906542370837234
2012-06-15,0.6747562117602421
2012-06-18,0.6788392451591523
2012-06-19,0.6750354439104694
2012-06-20,0.6680970823940944
2012-06-21,0.6672367948297834
2012-06-22,0.6620408816778358
2012-06-25,0.6524348277029735
2012-06-26,0.6651235152047009
2012-06-27,0.6653978378473915
2012-06-28,0.6703356871754106
2012-06-29,0.6613723527530317
2012-07-02,0.6592157952796831
2012-07-03,0.6721228692216475
2012-07-05,0.6780245248004396
2012-07-06,0.6713789943119723
2012-07-09,0.675763387694251
2012-07-10,0.6762387254537885
2012-07-11,0.6740989932303402
2012-07-12,0.6814927584072406
2012-07-13,0.6729522922637046
2012-07-16,0.6843646657075027
2012-07-17,0.6801136777064616
2012-07-18,0.6846102008802206
2012-07-19,0.6835759719352817
2012-07-20,0.6815337825514802
2012-07-23,0.6706806903060863
2012-07-24,0.6778897249880665
2012-07-25,0.6830925573363961
2012-07-26,0.6668890095627411
2012-07-27,0.6497718230492651
2012-07-30,0.6491647792335079
2012-07-31,0.6633415997245301
2012-08-03,0.6550974668396428
2012-08-06,0.6548537824920456
2012-08-07,0.658069507543065
2012-08-08,0.6552999570657295
2012-08-09,0.6666993120414287
2012-08-10,0.6678512071521417
2012-08-13,0.6722023836776889
2012-08-14,0.6590788312215649
2012-08-15,0.6643527671356572
2012-08-16,0.6715168754975699
2012-08-17,0.6740486840536598
2012-08-20,0.6755351827358844
2012-08-21,0.6786251894303249
2012-08-22,0.6716046494689413
2012-08-23,0.6713448648980072
2012-08-24,0.6703096234171048
2012-08-27,0.6652925145899807
2012-08-28,0.6610422153316045
2012-08-29,0.6720152612902245
2012-08-30,0.6731020547043682
2012-08-31,0.673274542209991
2012-09-04,0.6815833019717384
2012-09-05,0.694721890236037
2012-09-06,0.6808276337169706
2012-09-07,0.6957564538131654
2012-09-10,0.6984559980233912
2012-09-11,0.6917299181175024
2012-09-12,0.6978166657055739
2012-09-13,0.7002052980375114
2012-09-14,0.6948292960853186
2012-09-17,0.7043008927937631
2012-09-18,0.7057041475430721
2012-09-19,0.7142441250368988
2012-09-20,0.7167663397158448
2012-09-21,0.7275096400219134
2012-09-24,0.7233041986597889
2012-09-25,0.7215133163630661
2012-09-26,0.7128170588498342
2012-09-27,0.7313415352812024
2012-09-28,0.7331350243663282
2012-10-01,0.7368938660659314
2012-10-02,0.743689665761246
2012-10-03,0.7501876509035122
2012-10-04,0.7523214167218696
2012-10-05,0.7452556584218543
2012-10-08,0.7437755137060519
2012-10-09,0.738744771852547
2012-10-10,0.7287734381391953
2012-10-11,0.7327738065884691
2012-10-12,0.7268650955888354
2012-10-15,0.7198350399724549
2012-10-16,0.7064190622238697
2012-10-17,0.7161415352716836
2012-10-18,0.7179578902430397
2012-10-19,0.7165798286321582
2012-10-22,0.713530988648193
2012-10-23,0.7281684889702491
2012-10-24,0.7470987962714072
2012-10-25,0.7485386190218739
2012-10-26,0.759989755544266
2012-10-31,0.7768780642260176
2012-11-01,0.7663556989055411
2012-11-02,0.7639084804408347
2012-11-05,0.7662516118385772
2012-11-06,0.7657217182655208
2012-11-07,0.7556107376370056
2012-11-08,0.7464600941744283
2012-11-09,0.7393563412071193
2012-11-12,0.7355887078436103
2012-11-13,0.7325527291808362
2012-11-14,0.7309015500643918
2012-11-15,0.7192355362959859
2012-11-16,0.7223470028601051
2012-11-19,0.7014694094757562
2012-11-20,0.7060731101585982
2012-11-21,0.7037131370273464
2012-11-23,0.7013053126661013
2012-11-26,0.6987658836838726
2012-11-27,0.6997303003228083
2012-11-28,0.7094454608187886
2012-11-29,0.6982833857738522
2012-11-30,0.6952622019653374
2012-12-03,0.6978309573984022
2012-12-04,0.7001737461762738
2012-12-05,0.7018827640223669
2012-12-06,0.699661252915963
2012-12-07,0.6993871730593294
2012-12-10,0.699988363279281
2012-12-11,0.7027700081390466
2012-12-12,0.7068106804569858
2012-12-13,0.7033625949650123
2012-12-14,0.7029237468139597
2012-12-17,0.6946738830956944
2012-12-18,0.7006546312511365
2012-12-19,0.693405706474288
2012-12-20,0.6944087776622402
2012-12-21,0.6922235593364411
2012-12-24,0.6946247136547253
2012-12-26,0.694206719996642
2012-12-27,0.685214464769533
2012-12-28,0.6854468265122493
2012-12-31,0.6826226336395896
2013-01-02,0.6724232734624089
2013-01-03,0.6869209536256269
2013-01-04,0.6914011486762657
2013-01-07,0.691303877734733
2013-01-08,0.6922659492423103
2013-01-09,0.6853390721624227
2013-01-10,0.678686129867749
2013-01-11,0.6768546029400543
2013-01-14,0.6736064619387601
2013-01-15,0.6856804550755532
2013-01-16,0.6837310963919876
2013-01-17,0.6806170541890156
2013-01-18,0.682915502914368
2013-01-22,0.6903914248557371
2013-01-23,0.706180482639382
2013-01-24,0.6991156070016321
2013-01-25,0.6953348011737074
2013-01-28,0.6947128230870859
2013-01-29,0.6946360882035424
2013-01-30,0.7022591558175342
2013-01-31,0.7050671439959321
2013-02-01,0.709806891101475
2013-02-04,0.7197202814482071
2013-02-05,0.7308625820754614
2013-02-06,0.7478343160520966
2013-02-07,0.752409017568216
2013-02-08,0.7597833632331905
2013-02-11,0.7651178096781448
2013-02-12,0.7741616819604852
2013-02-13,0.7830100562697019
2013-02-14,0.7797539263932883
2013-02-15,0.785072483373553
2013-02-19,0.7833147136079225
2013-02-20,0.7858036986210039
2013-02-21,0.7846869381966222
2013-02-22,0.7791475733935533
2013-02-25,0.7814718865475128
2013-02-26,0.7868223541633095
2013-02-27,0.7865476761654285
2013-02-28,0.7812333679511881
2013-03-01,0.7829698401224332
2013-03-04,0.7886757557745053
2013-03-05,0.775029791995704
2013-03-06,0.7734882013426092
2013-03-07,0.7659631331780442
2013-03-08,0.7669980436544568
2013-03-11,0.7598039821263747
2013-03-12,0.7436875573396327
2013-03-13,0.748701340663878
2013-03-14,0.7549707399505262
2013-03-15,0.7492389436824571
2013-03-18,0.7473637705623577
2013-03-19,0.747747832088716
2013-03-20,0.7517901990171715
2013-03-21,0.749748986137247
2013-03-22,0.7515430820054972
2013-03-25,0.7480499580915522
2013-03-26,0.7566575820469813
2013-03-27,0.7730076234289668
2013-03-28,0.7786275241135521
2013-04-01,0.8193778956748818
2013-04-02,0.8224189313446371
2013-04-03,0.8211480812123738
2013-04-04,0.8070696233568753
2013-04-05,0.8157292647387242
2013-04-08,0.8159084435180711
2013-04-09,0.8118211919340568
2013-04-10,0.8119338529206884
2013-04-11,0.8082885675557145
2013-04-12,0.8054629360392199
2013-04-15,0.7818737719600114
2013-04-16,0.7794326516853104
2013-04-17,0.7702632948720638
2013-04-18,0.7724632569443789
2013-04-19,0.7782948776312765
2013-04-22,0.7844542575095115
2013-04-23,0.7866408677787837
2013-04-24,0.7917154242051888
2013-04-25,0.7800094602520379
2013-04-26,0.7842008801607951
2013-04-29,0.7875304950770712
2013-04-30,0.788907759929323
2013-05-01,0.7981859999402998
2013-05-02,0.7927126384842651
2013-05-03,0.7828981974597087
2013-05-06,0.7787748219802514
2013-05-07,0.7806480598265833
2013-05-08,0.7802679490260737
2013-05-09,0.7817619988654925
2013-05-10,0.7888554456442227
2013-05-13,0.7865018650070007
2013-05-14,0.7878536622199842
2013-05-15,0.7810157775239414
2013-05-16,0.7838732898552078
2013-05-17,0.7860902410778328
2013-05-20,0.7919019274462592
2013-05-21,0.8029627348203837
2013-05-22,0.8117658670116453
2013-05-23,0.8040455935555355
2013-05-24,0.8097437646905686
2013-05-28,0.8104790449644468
2013-05-29,0.7979036718939527
2013-05-30,0.8118133187235836
2013-05-31,0.8035267834088518
2013-06-03,0.8053576889555457
2013-06-04,0.8100613591179161
2013-06-05,0.7985581444414197
2013-06-06,0.7946494518697443
2013-06-07,0.7714693995357095
2013-06-10,0.7726002459228293
2013-06-11,0.7626887093664022
2013-06-12,0.7602621265167773
2013-06-13,0.7478897577607747
2013-06-14,0.756422684944262
2013-06-17,0.7560728080487423
2013-06-18,0.7525746408137312
2013-06-19,0.7447138880904305
2013-06-20,0.7167100797798353
2013-06-21,0.7127536882347629
2013-06-24,0.7050168341733927
2013-06-25,0.7027082809931344
2013-06-26,0.6997186516893199
2013-06-27,0.6922532057617877
2013-06-28,0.6913606148326266
2013-07-01,0.6959720071055253
2013-07-02,0.6996006924171572
2013-07-03,0.7053251506917898
2013-07-05,0.7028960729670781
2013-07-08,0.6994541896264017
2013-07-09,0.6981388243276533
2013-07-10,0.7075522089971751
2013-07-11,0.6980022099408059
2013-07-12,0.6988098682746241
2013-07-15,0.6950334836658666
2013-07-16,0.7031441793408276
2013-07-17,0.703013562458517
2013-07-18,0.7027129800463395
2013-07-19,0.7001980722804719
2013-07-22,0.6955851356093251
2013-07-23,0.6990440625975781
2013-07-24,0.7042613880823515
2013-07-25,0.7042267840363234
2013-07-26,0.7022164498373435
2013-07-29,0.6937139423867343
2013-07-30,0.707216797807658
2013-07-31,0.6910509015951143
2013-08-01,0.6921092358630466
2013-08-02,0.6961336679432949
2013-08-05,0.693959129922753
2013-08-06,0.6934479043359537
2013-08-07,0.6896550531333743
2013-08-08,0.6900396315007233
2013-08-09,0.6945732925021877
2013-08-12,0.6900126817242906
2013-08-13,0.6911865335972788
2013-08-14,0.682624869174572
2013-08-15,0.6570401532666525
2013-08-16,0.6462618611299921
2013-08-19,0.6610341462082235
2013-08-20,0.6586579725058465
2013-08-21,0.6675763330590416
2013-08-22,0.6705678511146068
2013-08-23,0.6670263340897117
2013-08-26,0.6677844680853158
2013-08-27,0.6467364913768379
2013-08-28,0.649468436128783
2013-08-29,0.6585693161653323
2013-08-30,0.6563701132060799
2013-09-03,0.6745278010393277
2013-09-04,0.6771212615910452
2013-09-05,0.6827143639163988
2013-09-06,0.6829531042804747
2013-09-09,0.6796662133174876
2013-09-10,0.669299074829579
2013-09-11,0.6714758659289009
2013-09-12,0.6769188525262939
2013-09-13,0.6849003507698183
2013-09-16,0.708337349910865
2013-09-17,0.7179484888545666
2013-09-18,0.7205310476142209
2013-09-19,0.7246970071816631
2013-09-20,0.7388775951351898
2013-09-23,0.7307110632769923
2013-09-24,0.7318705722050701
2013-09-25,0.7338797103989162
2013-09-26,0.7357271572760629
2013-09-27,0.7352620145614375
2013-09-30,0.7398489151562188
2013-10-01,0.7524742162307493
2013-10-02,0.7604766019051185
2013-10-03,0.7582071071911884
2013-10-04,0.7715883947406532
2013-10-07,0.7606081551411764
2013-10-08,0.7574781116108763
2013-10-09,0.7635693293256591
2013-10-10,0.7461945288989653
2013-10-11,0.7311325622928948
2013-10-14,0.722784030646699
2013-10-15,0.7208245598926186
2013-10-16,0.7093188545102016
2013-10-17,0.7196100948330068
2013-10-18,0.7240209222125915
2013-10-21,0.7351412351681099
2013-10-22,0.7243574717409041
2013-10-23,0.7260864448774886
2013-10-24,0.7310975883835364
2013-10-25,0.7339543169551546
2013-10-28,0.7311805200255399
2013-10-29,0.7285298625133305
2013-10-30,0.7314963384467446
2013-10-31,0.7274606741826837
2013-11-01,0.7357508889344382
2013-11-04,0.7399503817125475
2013-11-05,0.74182145958925
2013-11-06,0.7346694841247946
2013-11-07,0.7378318824764993
2013-11-08,0.7537347545109322
2013-11-11,0.7531508952717514
2013-11-12,0.7515550646098779
2013-11-13,0.7547002334221209
2013-11-14,0.7513647567556131
2013-11-15,0.750170916284199
2013-11-18,0.7507651082100132
2013-11-19,0.7509510815193899
2013-11-20,0.7727082475784818
2013-11-21,0.7717065926458284
2013-11-22,0.7733985100019173
2013-11-25,0.769902134331698
2013-11-26,0.7706511514837722
2013-11-27,0.7695149724245012
2013-11-29,0.767827374870008
2013-12-02,0.7662105516179428
2013-12-03,0.7656076117097298
2013-12-04,0.7677644678643083
2013-12-05,0.7656647149243431
2013-12-06,0.7526527439921035
2013-12-09,0.7460065113798914
2013-12-10,0.7510413689505712
2013-12-11,0.7451358328360922
2013-12-12,0.7362259120587137
2013-12-13,0.7480261739488913
2013-12-16,0.7534162165108935
2013-12-17,0.7654582576954777
2013-12-18,0.7644742308852669
2013-12-19,0.7590063521984
2013-12-20,0.764853859378316
2013-12-23,0.7701852198516718
2013-12-24,0.7780059989578028
2013-12-26,0.7763788412129096
2013-12-27,0.7721292331891451
2013-12-30,0.777197122969754
2013-12-31,0.7753221547997876
2014-01-02,0.7704457858046839
2014-01-03,0.783981387563885
2014-01-06,0.7812824108855857
2014-01-07,0.8072709741611376
2014-01-08,0.8058059377642307
2014-01-09,0.8039487519861749
2014-01-10,0.8056755577873086
2014-01-13,0.8033791212697835
2014-01-14,0.7983311749803261
2014-01-15,0.8011300254921625
2014-01-16,0.8008316459858403
2014-01-17,0.7957878424788075
2014-01-21,0.7920094498363752
2014-01-22,0.7884696695567281
2014-01-23,0.776328405428289
2014-01-24,0.7585127071666701
2014-01-27,0.7556772344800394
2014-01-28,0.7525572330471723
2014-01-29,0.7511734212703106
2014-01-30,0.7598584736278184
2014-01-31,0.763991096409913
2014-02-03,0.7516003686735014
2014-02-04,0.7489719739418678
2014-02-05,0.7525576026856298
2014-02-06,0.7471673286787961
2014-02-07,0.742769744085165
2014-02-10,0.737818229579856
2014-02-11,0.7347923945703816
2014-02-12,0.7327085034071009
2014-02-13,0.7352536030265721
2014-02-14,0.7299547228039538
2014-02-18,0.732644581773726
2014-02-19,0.7349872855441888
2014-02-20,0.7332514583459762
2014-02-21,0.7289826123453439
2014-02-24,0.7261476392048759
2014-02-25,0.7280312531757605
2014-02-26,0.7273420308128746
2014-02-27,0.732693785173845
2014-02-28,0.7283356287517868
2014-03-03,0.717586335584984
2014-03-04,0.7061896943062663
2014-03-05,0.7073187051887269
2014-03-06,0.7160280928683264
2014-03-07,0.715550615432391
2014-03-10,0.7167558140123541
2014-03-11,0.7280326967686004
2014-03-12,0.7376226073669035
2014-03-13,0.7337931042581022
2014-03-14,0.7187618758673986
2014-03-17,0.7070650046497531
2014-03-18,0.7046629180051981
2014-03-19,0.702473151004502
2014-03-20,0.7028108195156165
2014-03-21,0.7094180672288396
2014-03-24,0.7107916022926046
2014-03-25,0.7146717476013119
2014-03-26,0.7212999296299288
2014-03-27,0.7177219891111187
2014-03-28,0.717232227992548
2014-03-31,0.7128279217633555
2014-04-01,0.7098224144489369
2014-04-02,0.7105822766909606
2014-04-03,0.7146211943373052
2014-04-04,0.7127679420159134
2014-04-07,0.706477497860993
2014-04-08,0.7049295941227554
2014-04-09,0.6967600068311828
2014-04-10,0.7014945277733531
2014-04-11,0.6952418501606209
2014-04-14,0.6931160339532548
2014-04-15,0.6757198745787469
2014-04-16,0.6635519316258549
2014-04-17,0.667497537201292
2014-04-21,0.6789671715887244
2014-04-22,0.6839353737573322
2014-04-23,0.6913976556504868
2014-04-24,0.689594951090181
2014-04-25,0.6915758184491815
2014-04-28,0.6958174838840454
2014-04-29,0.6939194272280965
2014-04-30,0.7004814577949393
2014-05-01,0.706643792513277
2014-05-02,0.7074071215661705
2014-05-05,0.7051857324080997
2014-05-06,0.7104434394773996
2014-05-07,0.7191369210300859
2014-05-08,0.7266853897401055
2014-05-09,0.7232599749648717
2014-05-12,0.7134317049399321
2014-05-13,0.7193229240225345
2014-05-14,0.7215534249149768
2014-05-15,0.7135435676705834
2014-05-16,0.7122458449832273
2014-05-19,0.7058470110071159
2014-05-20,0.7058488145091579
2014-05-21,0.7075472651397741
2014-05-22,0.711583124114678
2014-05-23,0.71411550861223
2014-05-27,0.7173749811224714
2014-05-28,0.7297350433919434
2014-05-29,0.72775940353241
2014-05-30,0.7334524578760553
2014-06-02,0.7329891837526612
2014-06-03,0.7331417705314679
2014-06-04,0.732747143268422
2014-06-05,0.7322379961218466
2014-06-06,0.7447685514998788
2014-06-09,0.7433839137106001
2014-06-10,0.758879683488305
2014-06-11,0.7593050327798783
2014-06-12,0.75413552923988
2014-06-13,0.7487874770213765
2014-06-16,0.7505013512024875
2014-06-17,0.759650005614362
2014-06-18,0.7570716398647284
2014-06-19,0.752979389531861
2014-06-20,0.7509726618933577
2014-06-23,0.7603922485560857
2014-06-24,0.7627080245601584
2014-06-25,0.7633319712205425
2014-06-26,0.7577524715305154
2014-06-27,0.7582568929966798
2014-06-30,0.7598577334630028
2014-07-01,0.7660082870610445
2014-07-02,0.7760992804664247
2014-07-03,0.7783633612749581
2014-07-07,0.7882266163887218
2014-07-08,0.7914598511705006
2014-07-09,0.8167819152062681
2014-07-10,0.8081561548383308
2014-07-11,0.8061060001183443
2014-07-14,0.795612772322402
2014-07-15,0.7991819719160247
2014-07-16,0.7940319493789825
2014-07-17,0.7884847996799115
2014-07-18,0.7908472362639173
2014-07-21,0.7869536191233414
2014-07-22,0.7764765577172703
2014-07-23,0.7706099213872165
2014-07-24,0.7779914092453086
2014-07-25,0.7775165759297015
2014-07-28,0.7763403488394689
2014-07-29,0.7743843671177849
2014-07-30,0.7763762116246733
2014-07-31,0.7682110805713658
2014-08-01,0.7617324593493158
2014-08-04,0.7650964353172883
2014-08-05,0.7557088785584011
2014-08-06,0.7656327816472381
2014-08-07,0.7623909130674743
2014-08-08,0.760850992015172
2014-08-11,0.7582123566125641
2014-08-12,0.7560910276925497
2014-08-13,0.755662583115746
2014-08-14,0.744461909900924
2014-08-15,0.7430014283746001
2014-08-18,0.738111771733393
2014-08-19,0.7365974471202219
2014-08-20,0.7469544713198429
2014-08-21,0.7563881818176392
2014-08-22,0.75895498149189
2014-08-25,0.7600804627036889
2014-08-26,0.7667271061096445
2014-08-27,0.7672382676874505
2014-08-28,0.7604015005738064
2014-08-29,0.7572059412919823
2014-09-02,0.7685885140781934
2014-09-03,0.7644969169396044
2014-09-04,0.7629367106209288
2014-09-05,0.7754189964919777
2014-09-08,0.789494678525633
2014-09-09,0.7717371219832843
2014-09-10,0.7684442788190592
2014-09-11,0.7724288346057467
2014-09-12,0.7803986176017543
2014-09-15,0.7860828142165467
2014-09-16,0.779984756621579
2014-09-17,0.7757752973970201
2014-09-18,0.772635239049972
2014-09-19,0.7774567538458309
2014-09-22,0.7723278841061813
2014-09-23,0.765087310779336
2014-09-24,0.7544031123502066
2014-09-25,0.752358262557241
2014-09-26,0.7483516532181246
2014-09-29,0.7470466016450545
2014-09-30,0.739070665689905
2014-10-01,0.7362538033596415
2014-10-02,0.7353901002934606
2014-10-03,0.7297661308367133
2014-10-06,0.7264528072869436
2014-10-07,0.7078684647455269
2014-10-08,0.697286140280563
2014-10-09,0.683792002302003
2014-10-10,0.6805348428361043
2014-10-13,0.661225844246564
2014-10-14,0.6598099856122537
2014-10-15,0.6541446661562044
2014-10-16,0.6495351151245226
2014-10-17,0.6232066873843884
2014-10-20,0.6234222863919509
2014-10-21,0.6186273567619353
2014-10-22,0.6145112300797231
2014-10-23,0.6117730008237552
2014-10-24,0.6291590214446189
2014-10-27,0.6586172133340836
2014-10-28,0.6722549500356144
2014-10-29,0.6735381669556985
2014-10-30,0.6827767747166907
2014-10-31,0.664625416526593
2014-11-03,0.6730011845469203
2014-11-04,0.6796545925562057
2014-11-05,0.675967329071729
2014-11-06,0.6851409032738257
2014-11-07,0.6853956781029001
2014-11-10,0.6848665787806791
2014-11-11,0.6925940098159095
2014-11-12,0.6836788436866577
2014-11-13,0.690089883439712
2014-11-14,0.6970143848083207
2014-11-17,0.6973477836522847
2014-11-18,0.704200757392528
2014-11-19,0.6938869618461808
2014-11-20,0.6953485358694854
2014-11-21,0.6924019990364892
2014-11-24,0.6938317663954274
2014-11-25,0.694226525106631
2014-11-26,0.6927927098607147
2014-11-28,0.6908619818923044
2014-12-01,0.6854246767189885
2014-12-02,0.6885771022206064
2014-12-03,0.7003825060287582
2014-12-04,0.6988064744810129
2014-12-05,0.7043215539930187
2014-12-08,0.7127199770070006
2014-12-09,0.7076023851635749
2014-12-10,0.7092435129264169
2014-12-11,0.7072820054384493
2014-12-12,0.6964938131190004
2014-12-15,0.7010631272153044
2014-12-16,0.7150882231871178
2014-12-17,0.7177888428297278
2014-12-18,0.6851490016699103
2014-12-19,0.6909641727513457
2014-12-22,0.6896868055988881
2014-12-23,0.6858811429803267
2014-12-24,0.6809787586305691
2014-12-26,0.6889460498402304
2014-12-29,0.6962909114373608
2014-12-30,0.7013877587859857
2014-12-31,0.6980937056654236
2015-01-02,0.7218462929123717
2015-01-05,0.7070768342565625
2015-01-06,0.7034255716045917
2015-01-07,0.711433517078452
2015-01-08,0.7058824911325826
2015-01-09,0.7060545085185798
2015-01-12,0.7017026663904784
2015-01-13,0.6992377903792281
2015-01-14,0.7078159299434109
2015-01-15,0.7023046866022669
2015-01-16,0.730306511246273
2015-01-20,0.731374095198048
2015-01-21,0.7345693856349094
2015-01-22,0.7266765564579266
2015-01-23,0.7220640563696599
2015-01-26,0.71487359864788
2015-01-27,0.716863714187752
2015-01-28,0.7233122864943314
2015-01-29,0.7350019378535634
2015-01-30,0.7350144460855103
2015-02-02,0.7389901377664232
2015-02-03,0.7133684892777412
2015-02-04,0.7157904174454269
2015-02-05,0.7123641617544245
2015-02-06,0.7121288718580873
2015-02-09,0.7106492797909094
2015-02-10,0.7110649703425076
2015-02-11,0.7119836502299707
2015-02-12,0.7094960188264888
2015-02-13,0.7107128025016175
2015-02-17,0.7058045739783269
2015-02-18,0.7036850313090492
2015-02-19,0.7042183699480019
2015-02-20,0.7130188714510421
2015-02-23,0.7092019918119298
2015-02-24,0.7087393825808809
2015-02-25,0.7085186807723004
2015-02-26,0.7009150022625027
2015-02-27,0.7060710615851848
2015-03-02,0.7000597145675738
2015-03-03,0.6981026119671921
2015-03-04,0.6938110259994363
2015-03-05,0.6964657335967762
2015-03-06,0.6879870984237959
2015-03-09,0.6922000192266549
2015-03-10,0.6834625713617316
2015-03-11,0.6778482339920393
2015-03-12,0.6936613406416993
2015-03-13,0.6920980782469811
2015-03-16,0.688056227034864
2015-03-17,0.6880775791665412
2015-03-18,0.7072119223798945
2015-03-19,0.7103211462076595
2015-03-20,0.7119225775427267
2015-03-23,0.7112959414516001
2015-03-24,0.7058922925697677
2015-03-25,0.7033966774648205
2015-03-26,0.692894897323327
2015-03-27,0.6968353669140258
2015-03-30,0.6923530305671207
2015-03-31,0.695202797448565
2015-04-01,0.7038837506129133
2015-04-02,0.697724096346126
2015-04-06,0.6946136367699606
2015-04-07,0.6957400407093912
2015-04-08,0.7008137943498106
2015-04-09,0.7065456726090077
2015-04-10,0.7127618479936193
2015-04-13,0.7222904174502377
2015-04-14,0.7296736032501482
2015-04-15,0.7256816229076327
2015-04-16,0.7249621187255586
2015-04-17,0.7022678661002777
2015-04-20,0.6924411201044619
2015-04-21,0.7001572583408243
2015-04-22,0.7046183763845166
2015-04-23,0.7181048879102575
2015-04-24,0.7191645576155888
2015-04-27,0.7182221517622883
2015-04-28,0.7217843442245927
2015-04-29,0.7163876762673541
2015-04-30,0.7212704685569039
2015-05-01,0.7175054336531561
2015-05-04,0.7230926561721568
2015-05-05,0.714253800505737
2015-05-06,0.7174337829336572
2015-05-07,0.7355745145938262
2015-05-08,0.7172691399108302
2015-05-11,0.7174296798410744
2015-05-12,0.7128372842551359
2015-05-13,0.7112556201834224
2015-05-14,0.7114678472005278
2015-05-15,0.7182923345999119
2015-05-18,0.7146473967600107
2015-05-19,0.7147442084406185
2015-05-20,0.7145757820365178
2015-05-21,0.7210606068685849
2015-05-22,0.7224590366069303
2015-05-26,0.7128371243698252
2015-05-27,0.7161967295245082
2015-05-28,0.7179043364828676
2015-05-29,0.7195976419902218
2015-06-01,0.7204524162459933
2015-06-02,0.7193705533003052
2015-06-03,0.7179784284340801
2015-06-04,0.7167973946910382
2015-06-05,0.7187034447258037
2015-06-08,0.7168022540630005
2015-06-09,0.7150840934827429
2015-06-10,0.707069538423338
2015-06-11,0.7058267559439645
2015-06-12,0.6893744438832482
2015-06-15,0.6825350316160665
2015-06-16,0.6858139247315199
2015-06-17,0.6784097569481552
2015-06-18,0.6800866565634517
2015-06-19,0.6941247180664769
2015-06-22,0.7075750126409065
2015-06-23,0.7052545633448021
2015-06-24,0.7139206442249298
2015-06-25,0.7160690454290015
2015-06-26,0.7228323906719432
2015-06-29,0.6936620452851295
2015-06-30,0.6902318346866749
2015-07-01,0.69296172058226
2015-07-02,0.6987052182630636
2015-07-06,0.6868294434038565
2015-07-07,0.6807986145557912
2015-07-08,0.6855720507318089
2015-07-09,0.6832305498559934
2015-07-10,0.6801654871771351
2015-07-13,0.6683829502033692
2015-07-14,0.6761580614717818
2015-07-15,0.6824436507408722
2015-07-16,0.6769601713214024
2015-07-17,0.6830172156144199
2015-07-20,0.6785861810720324
2015-07-21,0.6715064001647842
2015-07-22,0.6621373957841132
2015-07-23,0.6577916595115423
2015-07-24,0.6645470982886719
2015-07-27,0.6548399009443647
2015-07-28,0.664031356594005
2015-07-29,0.6605873849408199
2015-07-30,0.6648514815714753
2015-07-31,0.6714595372677037
2015-08-03,0.6718458360745168
2015-08-04,0.6864337898604795
2015-08-05,0.6968464162022262
2015-08-06,0.6962281868907898
2015-08-07,0.6994180010424178
2015-08-10,0.7096683782609267
2015-08-11,0.7179302209731657
2015-08-12,0.7035274019463617
2015-08-13,0.7022376240380575
2015-08-14,0.7097351262806546
2015-08-17,0.706189953868496
2015-08-18,0.7056311215166932
2015-08-19,0.7105260445846336
2015-08-20,0.6956468937712625
2015-08-21,0.6805385221167307
2015-08-24,0.5906285106853798
2015-08-25,0.5926619514446744
2015-08-26,0.5906154826298796
2015-08-27,0.5978379398180154
2015-08-28,0.6022718316382831
2015-08-31,0.59718866576754
2015-09-01,0.5896585301861108
2015-09-02,0.6079554204337687
2015-09-03,0.5986686706082162
2015-09-04,0.5913643389186742
2015-09-08,0.5935731775188505
2015-09-09,0.5971785689968531
2015-09-10,0.5761258984675943
2015-09-11,0.5764311851692854
2015-09-14,0.572660131327737
2015-09-15,0.5739542473404021
2015-09-16,0.5679175864157313
2015-09-17,0.5682082163662234
2015-09-18,0.563808100246973
2015-09-21,0.5678257461319013
2015-09-22,0.5643556684392358
2015-09-23,0.5687382278290892
2015-09-24,0.5676160626499435
2015-09-25,0.5734201281675981
2015-09-28,0.5655534106176174
2015-09-29,0.5790676129711535
2015-09-30,0.5970655594803622
2015-10-01,0.6098605166060069
2015-10-02,0.6112442168329123
2015-10-05,0.6144584036400623
2015-10-06,0.6134600886635057
2015-10-07,0.6049357282024252
2015-10-08,0.5995225101430145
2015-10-09,0.6027239062351405
2015-10-12,0.5965964617847433
2015-10-13,0.5869317784491073
2015-10-14,0.5894617200520567
2015-10-15,0.5549061360197692
2015-10-16,0.5500376625401211
2015-10-19,0.5362002070996333
2015-10-20,0.5522546648645856
2015-10-21,0.5489196232875561
2015-10-22,0.5380186927903605
2015-10-23,0.5394402627255213
2015-10-26,0.5429514069256526
2015-10-27,0.545410487403618
2015-10-28,0.5489173505998813
2015-10-29,0.5474541552429466
2015-10-30,0.5491746163062828
2015-11-02,0.5470404942723435
2015-11-03,0.5384554154199438
2015-11-04,0.5312874113690146
2015-11-05,0.5368007724588034
2015-11-06,0.5383824141485083
2015-11-09,0.5366242458171935
2015-11-10,0.5517440060372133
2015-11-11,0.5616619791319739
2015-11-12,0.5675952066257975
2015-11-13,0.5671839673819514
2015-11-16,0.5796285416493276
2015-11-17,0.5915612547424929
2015-11-18,0.6046984378838602
2015-11-19,0.6071122325156879
2015-11-20,0.6120439231417223
2015-11-23,0.6086267002614616
2015-11-24,0.6028134989469539
2015-11-25,0.6186079621345294
2015-11-27,0.6259308532579686
2015-11-30,0.6276733200948021
2015-12-01,0.6452840404371826
2015-12-02,0.6552309845026107
2015-12-03,0.6463556029392529
2015-12-04,0.6526798057113079
2015-12-07,0.6491617596226613
2015-12-08,0.6474133928662941
2015-12-09,0.647118148314804
2015-12-10,0.6528507837332943
2015-12-11,0.6392691506195667
2015-12-14,0.650961820171395
2015-12-15,0.6385628942382938
2015-12-16,0.6441649282576075
2015-12-17,0.6409274303170099
2015-12-18,0.6280823743060675
2015-12-21,0.6309410142318501
2015-12-22,0.6383692384609306
2015-12-23,0.6263481978079287
2015-12-24,0.6369777544038028
2015-12-28,0.6340070953184563
2015-12-29,0.6224453520088784
2015-12-30,0.640375158366738
2015-12-31,0.6352072521955378
2016-01-04,0.6187339604146302
2016-01-05,0.6206390997639885
2016-01-06,0.6214190884590008
2016-01-07,0.6226480793652582
2016-01-08,0.6176661184185533
2016-01-11,0.6199282090754366
2016-01-12,0.6091560858520244
2016-01-13,0.6163763001564104
2016-01-14,0.6183974586333792
2016-01-15,0.5968781398326916
2016-01-19,0.5944659367932045
2016-01-20,0.5698996369639294
2016-01-21,0.5737664450019683
2016-01-22,0.5784425600996427
2016-01-25,0.5823062918511609
2016-01-26,0.5778390629425504
2016-01-27,0.5847134482711892
2016-01-28,0.5937723076755443
2016-01-29,0.594156397391679
2016-02-01,0.6054373832463626
2016-02-02,0.6043328291124794
2016-02-03,0.5988395213403198
2016-02-04,0.5867752142370849
2016-02-05,0.5919873140479855
2016-02-08,0.5820554882215854
2016-02-09,0.5836911099116849
2016-02-10,0.5900064908304886
2016-02-11,0.5908869105461965
2016-02-12,0.578404599052184
2016-02-16,0.567367337664109
2016-02-17,0.5619898496723471
2016-02-18,0.5562715949193551
2016-02-19,0.5574501713511305
2016-02-22,0.5441729083707236
2016-02-23,0.5437257578689801
2016-02-24,0.5399775529861337
2016-02-25,0.5285070239781318
2016-02-26,0.5297988867766334
2016-02-29,0.5308470288131739
2016-03-01,0.5258688645523747
2016-03-02,0.5284245017795218
2016-03-03,0.5289865717527651
2016-03-04,0.538646485591925
2016-03-07,0.5480126920260529
2016-03-08,0.5567721532325963
2016-03-09,0.5505038651924536
2016-03-10,0.5594221638307219
2016-03-11,0.5498648970942868
2016-03-14,0.5560174632521812
2016-03-15,0.5609272815880848
2016-03-16,0.5596188925407817
2016-03-17,0.5797261541918226
2016-03-18,0.5790245815904467
2016-03-21,0.5859260068016678
2016-03-22,0.5940128039321312
2016-03-23,0.5938236002155081
2016-03-24,0.6021938418026904
2016-03-28,0.6100351396497296
2016-03-29,0.613655162047734
2016-03-30,0.6099889037294101
2016-03-31,0.6393272464251135
2016-04-01,0.637360509941272
2016-04-04,0.6533085444852608
2016-04-05,0.6734877089623623
2016-04-06,0.6798223778390701
2016-04-07,0.685442737281486
2016-04-08,0.6824302533383976
2016-04-11,0.6905838773549676
2016-04-12,0.6940830804952717
2016-04-13,0.7062626847074583
2016-04-14,0.713086430665362
2016-04-15,0.728482296911655
2016-04-18,0.7237611927538621
2016-04-19,0.7273526473557245
2016-04-20,0.7357285074152763
2016-04-21,0.7389180956456863
2016-04-22,0.7281474812106327
2016-04-25,0.7226818854060737
2016-04-26,0.7321858617828632
2016-04-27,0.7328179472690014
2016-04-28,0.7292666595339923
2016-04-29,0.7253939471643984
2016-05-02,0.7306562932344568
2016-05-03,0.7301066398816399
2016-05-04,0.7301809202183198
2016-05-05,0.7353408871283128
2016-05-06,0.7279533951132425
2016-05-09,0.7180128341753289
2016-05-10,0.723501374625439
2016-05-11,0.7329694836394807
2016-05-12,0.7410266986164975
2016-05-13,0.7271106500987462
2016-05-16,0.732143197210962
2016-05-17,0.7279298223090076
2016-05-18,0.7248623932826496
2016-05-19,0.752233928887377
2016-05-20,0.7593082030048335
2016-05-23,0.7758540121366692
2016-05-24,0.7791952242239792
2016-05-25,0.7706372542800419
2016-05-26,0.7754529739292058
2016-05-27,0.7823067808451656
2016-05-31,0.7780926961239696
2016-06-01,0.7691422611191848
2016-06-02,0.7705393756707389
2016-06-03,0.7793463910998729
2016-06-06,0.7760477776237177
2016-06-07,0.782871416510453
2016-06-08,0.7808573959914357
2016-06-09,0.7790833560093171
2016-06-10,0.7809055828649029
2016-06-13,0.7798767988145736
2016-06-14,0.7894966120514567
2016-06-15,0.7938215429750192
2016-06-16,0.7927603102139679
2016-06-17,0.7898857412456525
2016-06-20,0.782178172035143
2016-06-21,0.7839748675020691
2016-06-22,0.7744250861881041
2016-06-23,0.7692525344867605
2016-06-24,0.7300074234463325
2016-06-27,0.7208139446385632
2016-06-28,0.7175991591877526
2016-06-29,0.7015109140981585
2016-06-30,0.6903430506537067
2016-07-01,0.6896669056352189
2016-07-05,0.6851892929249859
2016-07-06,0.6852543653741202
2016-07-07,0.6866387296597618
2016-07-08,0.7024105160542152
2016-07-11,0.699093633312633
2016-07-12,0.6949914189845677
2016-07-13,0.6939101574929363
2016-07-14,0.6880976149471806
2016-07-15,0.6820203822683705
2016-07-18,0.678612811919991
2016-07-19,0.6781467998576644
2016-07-20,0.6790215981802558
2016-07-21,0.6774370562234753
2016-07-22,0.6776167466210048
2016-07-25,0.684039326830058
2016-07-26,0.6814902650730447
2016-07-27,0.6745890457408016
2016-07-28,0.6740739782573301
2016-07-29,0.6795683049130297
2016-08-01,0.6824510487112293
2016-08-02,0.6833275683709555
2016-08-03,0.6860645402252648
2016-08-04,0.6928928716648236
2016-08-05,0.6845874333407765
2016-08-08,0.6811277901556534
2016-08-09,0.6822642942059084
2016-08-10,0.6824249153900966
2016-08-11,0.6860789828947513
2016-08-12,0.6911718450767165
2016-08-15,0.6924753467058051
2016-08-16,0.6825704650175962
2016-08-17,0.6864011847869156
2016-08-18,0.6933484792398956
2016-08-19,0.7004966016742196
2016-08-22,0.7034318707070324
2016-08-23,0.7063769635649481
2016-08-24,0.7069489675902069
2016-08-25,0.7096611103953558
2016-08-26,0.7118150844106609
2016-08-29,0.7079240835286604
2016-08-30,0.7141507508810138
2016-08-31,0.7133754502038404
2016-09-01,0.7100198328519925
2016-09-02,0.7029502439831437
2016-09-06,0.6929415329186608
2016-09-07,0.7035744758809187
2016-09-08,0.6985727129279306
2016-09-09,0.677195124803463
2016-09-12,0.6743014443092379
2016-09-13,0.6670692077910095
2016-09-14,0.6698814509142428
2016-09-15,0.671703901581243
2016-09-16,0.6690492184156513
2016-09-19,0.6730810977495781
2016-09-20,0.7246191583978119
2016-09-21,0.7471622002712317
2016-09-22,0.7346745236299772
2016-09-23,0.7634039671104824
2016-09-26,0.7671071488112501
2016-09-27,0.7774638860492754
2016-09-28,0.7785181183168541
2016-09-29,0.7542387205576284
2016-09-30,0.7557497655688292
2016-10-03,0.7651655180929647
2016-10-04,0.7811131246267472
2016-10-05,0.7906411662578289
2016-10-06,0.7953455240066261
2016-10-07,0.8046524106692
2016-10-10,0.8036381004078843
2016-10-11,0.7911279395895302
2016-10-12,0.7775683079135645
2016-10-13,0.7831787293588408
2016-10-14,0.7782676873917461
2016-10-17,0.7749126185606235
2016-10-18,0.7627104814025067
2016-10-19,0.7718104977724402
2016-10-20,0.7830151097705056
2016-10-21,0.7725033593347469
2016-10-24,0.7656173215084651
2016-10-25,0.7655849447512141
2016-10-26,0.7727619508788962
2016-10-27,0.7615582146691703
2016-10-28,0.7644851016653346
2016-10-31,0.7743060567133504
2016-11-01,0.7691084220646308
2016-11-02,0.7683310482178861
2016-11-03,0.7664154122944795
2016-11-04,0.7717416665582798
2016-11-07,0.7563320081936532
2016-11-08,0.7504099824273041
2016-11-09,0.756294865375754
2016-11-10,0.7422117940502898
2016-11-11,0.7623360155626663
2016-11-14,0.7651177273260104
2016-11-15,0.764188469724303
2016-11-16,0.7626332744255614
2016-11-17,0.7714793247011722
2016-11-18,0.7779722857122198
2016-11-21,0.7815796111533763
2016-11-22,0.7769139642850397
2016-11-23,0.7782476298292458
2016-11-25,0.7782578866734755
2016-11-28,0.7779919918428351
2016-11-29,0.7874699646761463
2016-11-30,0.7894607745956302
2016-12-01,0.7906840080074055
2016-12-02,0.7915567967676362
2016-12-05,0.8059494845151854
2016-12-06,0.8052929884599995
2016-12-07,0.7933817851220091
2016-12-08,0.7865633817008212
2016-12-09,0.785181057423657
2016-12-12,0.7918193480180705
2016-12-13,0.7846789948418798
2016-12-14,0.7902318180066977
2016-12-15,0.7959284700378652
2016-12-16,0.8024961245489531
2016-12-19,0.804125755667862
2016-12-20,0.8169942702088191
2016-12-21,0.8176854621100809
2016-12-22,0.8142343211239439
2016-12-23,0.8151493908222986
2016-12-27,0.8131908733561887
2016-12-28,0.8102584637529434
2016-12-29,0.8067538330344592
2016-12-30,0.8032296054377481
2017-01-03,0.8116789032884135
2017-01-04,0.8096325938333058
2017-01-05,0.8122320995893269
2017-01-06,0.8116338797548966
2017-01-09,0.8212206435771314
2017-01-10,0.8218194254389867
2017-01-11,0.8228461089150794
2017-01-12,0.8208815320634603
2017-01-13,0.8218944218265419
2017-01-17,0.8240605844151057
2017-01-18,0.8257416534080321
2017-01-19,0.8175175798209354
2017-01-20,0.821745494579578
2017-01-23,0.8182403032967315
2017-01-24,0.8087230192299907
2017-01-25,0.8013218552000876
2017-01-26,0.8077921056134789
2017-01-27,0.813801053126419
2017-01-30,0.8080252774277307
2017-01-31,0.8143962617550196
2017-02-01,0.8171499725671783
2017-02-02,0.8062150802622494
2017-02-03,0.8233633777117052
2017-02-06,0.8192093282360371
2017-02-07,0.8146324802723215
2017-02-08,0.8287618807848225
2017-02-09,0.8244026671631076
2017-02-10,0.8213413097036607
2017-02-13,0.8229126577743089
2017-02-14,0.8234121155827979
2017-02-15,0.8246485232794543
2017-02-16,0.826653903308943
2017-02-17,0.833405946952735
2017-02-21,0.8324773319571515
2017-02-22,0.8374831517707705
2017-02-23,0.8415897442929772
2017-02-24,0.8300477677190582
2017-02-27,0.8282033857203613
2017-02-28,0.8338349617305348
2017-03-01,0.8249926555840899
2017-03-02,0.8255226683873168
2017-03-03,0.8234104864854236
2017-03-06,0.816557837230387
2017-03-07,0.8218045769761304
2017-03-08,0.8320498733341137
2017-03-09,0.831563941630638
2017-03-10,0.8335409730131789
2017-03-13,0.8374670866721236
2017-03-14,0.840967170364176
2017-03-15,0.8352661497424209
2017-03-16,0.8343641172522583
2017-03-17,0.8421711416938544
2017-03-20,0.8434235647708686
2017-03-21,0.8429370369842614
2017-03-22,0.8327199065889006
2017-03-23,0.8373481193107828
2017-03-24,0.830859949942687
2017-03-27,0.8264482922235663
2017-03-28,0.8259096432814628
2017-03-29,0.8269150499850337
2017-03-30,0.8128440640130379
2017-03-31,0.813021347560966
2017-04-03,0.8102276859464512
2017-04-04,0.8139813573014435
2017-04-05,0.8125989815166303
2017-04-06,0.8078466567685669
2017-04-07,0.7994605245223033
2017-04-10,0.794584285992722
2017-04-11,0.8001290627428398
2017-04-12,0.7979803992084544
2017-04-13,0.7973741649958914
2017-04-17,0.8028432666307191
2017-04-18,0.8095320101235965
2017-04-19,0.8118926291927017
2017-04-20,0.798227372981954
2017-04-21,0.7997014846450566
2017-04-24,0.7993219976834187
2017-04-25,0.8009522456107647
2017-04-26,0.8007605837351242
2017-04-27,0.8023692786894856
2017-04-28,0.8132969824654841
2017-05-01,0.8106232390952787
2017-05-02,0.8091688866111266
2017-05-03,0.8106654632837239
2017-05-04,0.8167781861859751
2017-05-05,0.8156981239545692
2017-05-08,0.8241278194313331
2017-05-09,0.8104375792571175
2017-05-10,0.8283599272510355
2017-05-11,0.8226586356039584
2017-05-12,0.825411330923311
2017-05-15,0.8290291774952503
2017-05-16,0.825275560993027
2017-05-17,0.8153217747268057
2017-05-18,0.8167641690380492
2017-05-19,0.8023894287102238
2017-05-22,0.7993667987834832
2017-05-23,0.7992560349566769
2017-05-24,0.7984336593331934
2017-05-25,0.8081175296390926
2017-05-26,0.8083307949131057
2017-05-30,0.8115288120444181
2017-05-31,0.8147679483743037
2017-06-01,0.8168348618170763
2017-06-02,0.8108281014218564
2017-06-05,0.8084752704010371
2017-06-06,0.8124755184714058
2017-06-07,0.8173407735855215
2017-06-08,0.8291285334901003
2017-06-09,0.8321721393710736
2017-06-12,0.820101849581172
2017-06-13,0.8222227456033019
2017-06-14,0.8220792153249925
2017-06-15,0.8303708232006345
2017-06-16,0.8367137588783676
2017-06-19,0.8386717253099298
2017-06-20,0.8436561733013627
2017-06-21,0.8406519874152693
2017-06-22,0.8411445682111071
2017-06-23,0.8431377548901351
2017-06-26,0.8401831691565781
2017-06-27,0.8464599807063948
2017-06-28,0.84329261146393
2017-06-29,0.8372399454666873
2017-06-30,0.838244506599198
2017-07-03,0.8397979611491985
2017-07-05,0.839978360904294
2017-07-06,0.8341542469010162
2017-07-07,0.8342397763162603
2017-07-10,0.8398145183416245
2017-07-11,0.8415781752180906
2017-07-12,0.8441408485219323
2017-07-13,0.8450205058830725
2017-07-14,0.8416616537070603
2017-07-17,0.8408515263360503
2017-07-18,0.8450414144263194
2017-07-19,0.8430801259710817
2017-07-20,0.8515805926286255
2017-07-21,0.8548593511213933
2017-07-24,0.8581022570113152
2017-07-25,0.8501626156128086
2017-07-26,0.8506004008074616
2017-07-27,0.855214650479442
2017-07-28,0.8535753656791057
2017-08-02,0.8504111788666028
2017-08-03,0.8491600461765522
2017-08-04,0.85332420755427
2017-08-07,0.8518158649636024
2017-08-08,0.8504814105963032
2017-08-09,0.847843388904826
2017-08-10,0.8435059454783714
2017-08-11,0.8388576037830716
2017-08-14,0.8394167758904509
2017-08-15,0.8471393186940527
2017-08-16,0.8340213908542247
2017-08-17,0.8255267271550425
2017-08-18,0.822842415120219
2017-08-21,0.8224059473734386
2017-08-22,0.8287707167058374
2017-08-23,0.8406592089572897
2017-08-24,0.8453660422994029
2017-08-25,0.8458804456581647
2017-08-28,0.843434247863051
2017-08-29,0.842632179175054
2017-08-30,0.8447984149481208
2017-08-31,0.8389886956980612
2017-09-01,0.8274719676760741
2017-09-05,0.8241254985284558
2017-09-06,0.8301471475658821
2017-09-07,0.8273761532257711
2017-09-08,0.8337091603022861
2017-09-11,0.8150509253380348
2017-09-12,0.8093226360580774
2017-09-13,0.8076420655259945
2017-09-14,0.8082620834199484
2017-09-15,0.817858561928745
2017-09-18,0.8167918476937382
2017-09-19,0.8167898663705173
2017-09-20,0.8373008587310603
2017-09-21,0.841441923666004
2017-09-22,0.8401804959505029
2017-09-25,0.8459238532690895
2017-09-26,0.8529979061729138
2017-09-27,0.8503290944334408
2017-09-28,0.8477598865129623
2017-09-29,0.8504352856483058
2017-10-02,0.8503967086974431
2017-10-03,0.8447539867809937
2017-10-04,0.8519915904067125
2017-10-05,0.8550695669326811
2017-10-06,0.8528181826778894
2017-10-09,0.8602109952397289
2017-10-10,0.8569672526472867
2017-10-11,0.8545551378306382
2017-10-12,0.8543111863572422
2017-10-13,0.8500811799888983
2017-10-16,0.8460053545455831
2017-10-17,0.847409706837732
2017-10-18,0.8475266016683286
2017-10-19,0.8526844670909395
2017-10-20,0.8579476255267148
2017-10-23,0.8565027248234378
2017-10-24,0.8507797052138716
2017-10-25,0.8465570988485276
2017-10-26,0.8346400636884677
2017-10-27,0.8234928590424454
2017-10-30,0.8246648111392937
2017-10-31,0.8262239859422391
2017-11-01,0.8271393063984966
2017-11-02,0.8280416427339465
2017-11-03,0.832108354611278
2017-11-06,0.8390825474349017
2017-11-07,0.8471221061412157
2017-11-08,0.856772444517406
2017-11-09,0.8528873970893582
2017-11-10,0.8604192267627071
2017-11-13,0.8621949310942263
2017-11-14,0.8666118982031911
2017-11-15,0.8677601649939676
2017-11-16,0.8605850796962807
2017-11-17,0.8530740170214158
2017-11-20,0.8507387503604946
2017-11-21,0.849231536778226
2017-11-22,0.8491014782487448
2017-11-24,0.8472237307924003
2017-11-27,0.8479745817450124
2017-11-28,0.8495554823012884
2017-11-29,0.8493485960097488
2017-11-30,0.8472761989547876
2017-12-01,0.8425544096887644
2017-12-04,0.8433076865412769
2017-12-05,0.8457945487308836
2017-12-06,0.8414104301911794
2017-12-07,0.8424956372571047
2017-12-08,0.8395486512921743
2017-12-11,0.8429422075580535
2017-12-12,0.8446088555831746
2017-12-13,0.8413957219512206
2017-12-14,0.8422407539533172
2017-12-15,0.842989211093461
2017-12-18,0.8492691218942193
2017-12-19,0.852305209912877
2017-12-20,0.8541420413109003
2017-12-21,0.8569093142376997
2017-12-22,0.8527691921639706
2017-12-26,0.8466387998076992
2017-12-27,0.8428261897141847
2017-12-28,0.8424247553426327
