,90d_global_clustering_coefficient
2006-05-12,0.2823726610780814
2006-05-15,0.26344153703939477
2006-05-16,0.2932623123031848
2006-05-17,0.3078199360046187
2006-05-18,0.2950038022031847
2006-05-19,0.3000631232992104
2006-05-22,0.3170691673048034
2006-05-23,0.30873628284540033
2006-05-24,0.3369222606303399
2006-05-25,0.31288395081239073
2006-05-26,0.29814481112488345
2006-05-30,0.339779581379873
2006-05-31,0.31393728085537365
2006-06-01,0.3050438610194198
2006-06-02,0.29813220133369667
2006-06-05,0.3178622021382426
2006-06-06,0.3241240484797169
2006-06-07,0.33840113843326664
2006-06-08,0.32469468394553025
2006-06-09,0.3204432817674348
2006-06-12,0.3282360291564099
2006-06-13,0.3470235760403048
2006-06-14,0.3394848081027657
2006-06-15,0.34496362764770444
2006-06-16,0.3442543655398451
2006-06-19,0.3505745809199081
2006-06-20,0.3451215784058209
2006-06-21,0.3458318129123797
2006-06-22,0.33610944514530544
2006-06-23,0.3243821637198517
2006-06-26,0.3306023620628825
2006-06-27,0.34292231547871493
2006-06-28,0.34946586955658937
2006-06-29,0.3649756243805753
2006-06-30,0.3755694534165522
2006-07-03,0.3702395134773476
2006-07-05,0.371888738886422
2006-07-06,0.36888431091276924
2006-07-07,0.38087395773318183
2006-07-10,0.38211967657905427
2006-07-11,0.3743832979161239
2006-07-12,0.3754456605351467
2006-07-13,0.40236390417060935
2006-07-14,0.4115674545206167
2006-07-17,0.4088439464851295
2006-07-18,0.4070559114641507
2006-07-19,0.42170212907956395
2006-07-20,0.413903140034576
2006-07-21,0.41389311681389246
2006-07-24,0.41643205631544133
2006-07-25,0.44550164373395135
2006-07-26,0.4450692329413372
2006-07-27,0.4320731599424338
2006-07-28,0.4389078002434725
2006-07-31,0.43777991857635384
2006-08-01,0.4429837072703116
2006-08-02,0.44232342124580626
2006-08-03,0.4390464421611952
2006-08-04,0.4401075046708301
2006-08-07,0.45001848917035114
2006-08-08,0.44497837172644467
2006-08-09,0.44737803795246467
2006-08-10,0.4445780570475152
2006-08-11,0.4460008325819695
2006-08-14,0.4499326588518329
2006-08-15,0.45626941133282134
2006-08-16,0.46016847927264365
2006-08-17,0.46235178126145765
2006-08-18,0.45718519045452183
2006-08-21,0.4686831876077193
2006-08-22,0.4825237628127734
2006-08-23,0.48017562574248795
2006-08-24,0.47763089059417724
2006-08-25,0.4747676163701952
2006-08-28,0.4753896641775412
2006-08-29,0.4716901025467269
2006-08-30,0.4696897589509094
2006-08-31,0.46600183235058795
2006-09-01,0.47022235024961234
2006-09-05,0.4777321659366784
2006-09-06,0.47236935205860237
2006-09-07,0.4579681556489096
2006-09-08,0.4790884448406459
2006-09-11,0.4750061987100598
2006-09-12,0.5141165300839883
2006-09-13,0.507193076398775
2006-09-14,0.49405205275201325
2006-09-15,0.49615706081097505
2006-09-18,0.5162271150932461
2006-09-19,0.4990860273778027
2006-09-20,0.4962995408954104
2006-09-21,0.4612849005365075
2006-09-22,0.4643497651707556
2006-09-25,0.4585916682268331
2006-09-26,0.4608974588909593
2006-09-27,0.4571531233738134
2006-09-28,0.45712736682470667
2006-09-29,0.4603443109602708
2006-10-02,0.4609318639758091
2006-10-03,0.45884874000823495
2006-10-04,0.4614757304628305
2006-10-05,0.4538395649618544
2006-10-06,0.4552793261571941
2006-10-09,0.44314064410219123
2006-10-10,0.43611672526962025
2006-10-11,0.42546423352750656
2006-10-12,0.4251000026936317
2006-10-13,0.42893351435882077
2006-10-16,0.42582588904019997
2006-10-17,0.42688361187189194
2006-10-18,0.4066091908528917
2006-10-19,0.39501828439407705
2006-10-20,0.396910626737693
2006-10-23,0.38203852746731826
2006-10-24,0.3723723453875242
2006-10-25,0.37644431283794627
2006-10-26,0.3835861438033206
2006-10-27,0.37967032792798855
2006-10-30,0.3761769543917983
2006-10-31,0.3810204850397247
2006-11-01,0.3798080697694447
2006-11-02,0.3894641835652667
2006-11-03,0.38171074095627516
2006-11-06,0.3812223008572893
2006-11-07,0.38023858661245247
2006-11-08,0.38424357799257436
2006-11-09,0.3782813590781166
2006-11-10,0.37939371607975336
2006-11-13,0.37768985321860526
2006-11-14,0.4003873672054578
2006-11-15,0.4014263648221843
2006-11-16,0.3919490020866683
2006-11-17,0.3576408092966494
2006-11-20,0.3490630284995759
2006-11-21,0.3430630220841089
2006-11-22,0.3394119539793375
2006-11-24,0.32312082034574563
2006-11-27,0.3424504743609544
2006-11-28,0.364205055319283
2006-11-29,0.35038656453217704
2006-11-30,0.34144779718959445
2006-12-01,0.357489297183122
2006-12-04,0.37779339341456886
2006-12-05,0.3353792150524561
2006-12-06,0.33239905323545094
2006-12-07,0.31718091467051573
2006-12-08,0.331246115341321
2006-12-11,0.3219327183633731
2006-12-12,0.31970054912671153
2006-12-13,0.3114999609775329
2006-12-14,0.30878491413911985
2006-12-15,0.3112886090345243
2006-12-18,0.3111795514667624
2006-12-19,0.304054794485691
2006-12-20,0.3187797571440768
2006-12-21,0.2968547013281336
2006-12-22,0.3095136501545786
2006-12-26,0.3338653930715946
2006-12-27,0.3346703847697833
2006-12-28,0.34999191815524555
2006-12-29,0.32835111664205263
2007-01-03,0.3332039309939209
2007-01-04,0.3190523521477401
2007-01-05,0.32481996763442494
2007-01-08,0.3309249042724341
2007-01-09,0.33148303162792087
2007-01-10,0.3401989054428429
2007-01-11,0.3491653202908113
2007-01-12,0.3445928617293477
2007-01-16,0.3310892247774674
2007-01-17,0.31088727862593046
2007-01-18,0.30866793522612423
2007-01-19,0.31669594677655794
2007-01-22,0.30369422731019025
2007-01-23,0.30013461112566686
2007-01-24,0.31039150468309107
2007-01-25,0.3057666474509386
2007-01-26,0.33609692868854524
2007-01-29,0.3229549163732362
2007-01-30,0.30215346827043466
2007-01-31,0.2757864533724812
2007-02-01,0.2698329746288077
2007-02-02,0.22834533850834354
2007-02-05,0.22410293418631164
2007-02-06,0.2512131452065966
2007-02-07,0.23340083390776986
2007-02-08,0.2271908950026011
2007-02-09,0.21716346059495428
2007-02-12,0.25723868274908296
2007-02-13,0.2376282826325853
2007-02-14,0.2547687546323664
2007-02-15,0.2478026258478776
2007-02-16,0.2545397574149235
2007-02-20,0.25789576511031453
2007-02-21,0.25158447372675513
2007-02-22,0.24787642050208747
2007-02-23,0.25617119447195036
2007-02-26,0.25657984208675455
2007-02-27,0.2613340858877768
2007-02-28,0.33115496798282545
2007-03-01,0.28492246792180864
2007-03-02,0.3083681308806139
2007-03-05,0.34342851027096316
2007-03-06,0.32495786961074163
2007-03-07,0.3538630922973174
2007-03-08,0.3572231238695502
2007-03-09,0.36979681129612463
2007-03-12,0.3736153307059432
2007-03-13,0.3915572698681467
2007-03-14,0.3629379102171267
2007-03-15,0.37240354809847853
2007-03-16,0.36340648982657026
2007-03-19,0.3695264577976505
2007-03-20,0.37607054269474455
2007-03-21,0.37781835195876
2007-03-22,0.3785091172087165
2007-03-23,0.3883469258933088
2007-03-26,0.3859121364630123
2007-03-27,0.3939836021434368
2007-03-28,0.40242338347773476
2007-03-29,0.4036876532179746
2007-03-30,0.3967837930898236
2007-04-02,0.3908268684032789
2007-04-03,0.3966433777677563
2007-04-04,0.4015029245518859
2007-04-05,0.39888528069164514
2007-04-09,0.4056385128550616
2007-04-10,0.3960046408774187
2007-04-11,0.3886757592471415
2007-04-12,0.37914098261612134
2007-04-13,0.3751559378207716
2007-04-16,0.38117570198930445
2007-04-17,0.389945804270739
2007-04-18,0.3817215184197695
2007-04-19,0.3904212320938179
2007-04-20,0.40571345338376713
2007-04-23,0.4073951674125705
2007-04-24,0.40185679454929696
2007-04-25,0.39514816377194206
2007-04-26,0.39595666656744
2007-04-27,0.3969741650242485
2007-04-30,0.38831470532489204
2007-05-01,0.3908286980077661
2007-05-02,0.39943001564076686
2007-05-03,0.3985230821623069
2007-05-04,0.39448004295849454
2007-05-07,0.38811646001959754
2007-05-08,0.3855728327826511
2007-05-09,0.3826615936337834
2007-05-10,0.3748738637290462
2007-05-11,0.3835569468562208
2007-05-14,0.38850421156457055
2007-05-15,0.37362438112910656
2007-05-16,0.38821495117620947
2007-05-17,0.3901681542656493
2007-05-18,0.38117214617600853
2007-05-21,0.3728095727861083
2007-05-22,0.3621862544859067
2007-05-23,0.35560990810180887
2007-05-24,0.3821259472574144
2007-05-25,0.3803742887960947
2007-05-29,0.38155110917873974
2007-05-30,0.39335637244205046
2007-05-31,0.40055307692595027
2007-06-01,0.3898850306943537
2007-06-04,0.4090283366893299
2007-06-05,0.38890240002539583
2007-06-06,0.39591132171862087
2007-06-07,0.423476678590418
2007-06-08,0.4310733660835667
2007-06-11,0.4414339392664133
2007-06-12,0.44081062074742144
2007-06-13,0.4462004453115213
2007-06-14,0.43662320649480846
2007-06-15,0.4399103316033625
2007-06-18,0.4423467572906021
2007-06-19,0.43899205240626255
2007-06-20,0.44370405821696307
2007-06-21,0.45435459917838894
2007-06-22,0.466938681124839
2007-06-25,0.4569709550334636
2007-06-26,0.45921860000944176
2007-06-27,0.4602586228606126
2007-06-28,0.4710547114322863
2007-06-29,0.46772103136796833
2007-07-02,0.46696277038092177
2007-07-03,0.4750149385687587
2007-07-05,0.48569028462040503
2007-07-06,0.4440700545879092
2007-07-09,0.42223652331054357
2007-07-10,0.4256964339974234
2007-07-11,0.42542213137762963
2007-07-12,0.4325264689832762
2007-07-13,0.44276559831971896
2007-07-16,0.4287134843468351
2007-07-17,0.4433441364475192
2007-07-18,0.43987013460443125
2007-07-19,0.42423446623253014
2007-07-20,0.4397326606461226
2007-07-23,0.4298169481966092
2007-07-24,0.43771322349315156
2007-07-25,0.44138885360530666
2007-07-26,0.4523386007267027
2007-07-27,0.4551776800981067
2007-07-30,0.4614573958919019
2007-07-31,0.4509127011148697
2007-08-01,0.4503393871991722
2007-08-02,0.4521918837809698
2007-08-03,0.4536417658147275
2007-08-06,0.4649339282391122
2007-08-07,0.4659749318801101
2007-08-08,0.4662140167685197
2007-08-09,0.4752242844936697
2007-08-10,0.482703758450412
2007-08-13,0.4884330998495507
2007-08-14,0.4991278963962715
2007-08-15,0.5064357504631749
2007-08-16,0.5169032927545352
2007-08-17,0.5289490277982226
2007-08-20,0.5268638199101376
2007-08-21,0.527191074704249
2007-08-22,0.5306527964769514
2007-08-23,0.5331359211054463
2007-08-24,0.5358221299751686
2007-08-27,0.5355117709569851
2007-08-28,0.5424291989918101
2007-08-29,0.5452737063359092
2007-08-30,0.5476524741878144
2007-08-31,0.5545268271452582
2007-09-04,0.5505633279405157
2007-09-05,0.553754056427124
2007-09-06,0.5527353627675414
2007-09-07,0.5580546865853242
2007-09-10,0.5544907504164837
2007-09-11,0.5570290080815126
2007-09-12,0.5596850576549847
2007-09-13,0.5613033540111033
2007-09-14,0.558497036441427
2007-09-17,0.5592015607920009
2007-09-18,0.5611544771950813
2007-09-19,0.5692849701312601
2007-09-20,0.5682122064925791
2007-09-21,0.5683168861960963
2007-09-24,0.5639180921574182
2007-09-25,0.5648669609929895
2007-09-26,0.5724001394622716
2007-09-27,0.5750499661694433
2007-09-28,0.5787736584662113
2007-10-01,0.5811033531368517
2007-10-02,0.5785436037945832
2007-10-03,0.5757975648902307
2007-10-04,0.5755208992751716
2007-10-05,0.57844283111623
2007-10-08,0.5710842395602014
2007-10-09,0.5745189572294539
2007-10-10,0.5829772996997514
2007-10-11,0.5834646466552382
2007-10-12,0.5825661666569717
2007-10-15,0.5745130329615888
2007-10-16,0.574259219498361
2007-10-17,0.568651386382123
2007-10-18,0.5678414450701434
2007-10-19,0.5651431761518482
2007-10-22,0.5697730999673817
2007-10-23,0.5719180499936745
2007-10-24,0.5710817435601425
2007-10-25,0.5755750945777197
2007-10-26,0.5782352494505391
2007-10-29,0.5765397663292474
2007-10-30,0.5685942056132948
2007-10-31,0.5679591982852348
2007-11-01,0.5679575663322589
2007-11-02,0.5686880646086303
2007-11-05,0.5655823985790328
2007-11-06,0.5602865846586865
2007-11-07,0.5670640654285866
2007-11-08,0.567035740501725
2007-11-09,0.5664022274216393
2007-11-12,0.560351294571296
2007-11-13,0.5626389052068564
2007-11-14,0.562577169425373
2007-11-15,0.5606895046854126
2007-11-16,0.556742253819613
2007-11-19,0.5520226819852613
2007-11-20,0.5507216952068283
2007-11-21,0.5533855914505935
2007-11-23,0.5551662085590564
2007-11-26,0.5537526882924863
2007-11-27,0.5505079043350372
2007-11-28,0.5590993957526361
2007-11-29,0.559091619086662
2007-11-30,0.5640735645267893
2007-12-03,0.5616405800866112
2007-12-04,0.5600439708213008
2007-12-05,0.5587902721333585
2007-12-06,0.5588672985381024
2007-12-07,0.5556683997567986
2007-12-10,0.5511104644067224
2007-12-11,0.5525048818532782
2007-12-12,0.5484884150586565
2007-12-13,0.5495637867808949
2007-12-14,0.5486183939455628
2007-12-17,0.5472911733316862
2007-12-18,0.5419121908510868
2007-12-19,0.5404245487269438
2007-12-20,0.5302812548164199
2007-12-21,0.5262633111522185
2007-12-24,0.5228606418590088
2007-12-26,0.5136044144641291
2007-12-27,0.5154230184759009
2007-12-28,0.5152301012351904
2007-12-31,0.51324040940777
2008-01-02,0.5138190689964082
2008-01-03,0.5151847168253806
2008-01-04,0.5225641661532362
2008-01-07,0.5107845046225977
2008-01-08,0.5062751142242636
2008-01-09,0.5147177444793273
2008-01-10,0.5120880889034884
2008-01-11,0.51146966550499
2008-01-14,0.5066424318140098
2008-01-15,0.5136926914156832
2008-01-16,0.50702884790868
2008-01-17,0.508303862678343
2008-01-18,0.5057569314874515
2008-01-22,0.5224593626006594
2008-01-23,0.5117078700675174
2008-01-24,0.5251786688520074
2008-01-25,0.5230628255737968
2008-01-28,0.5272055383514176
2008-01-29,0.520959982993925
2008-01-30,0.5142639577361938
2008-01-31,0.5155537286940214
2008-02-01,0.5264811286618933
2008-02-04,0.5225750736079333
2008-02-05,0.521233701328092
2008-02-06,0.5207242804897804
2008-02-07,0.5218750404590003
2008-02-08,0.5183637955284692
2008-02-11,0.5182318127905309
2008-02-12,0.5174922236448672
2008-02-13,0.5182904571751611
2008-02-14,0.5158158822076234
2008-02-15,0.5231592284584526
2008-02-19,0.5217969901827747
2008-02-20,0.517240422666693
2008-02-21,0.5202769013252594
2008-02-22,0.5202860601528408
2008-02-25,0.5241049657001505
2008-02-26,0.5238492923103772
2008-02-27,0.5252019808201269
2008-02-28,0.5245531601457801
2008-02-29,0.5283892250542016
2008-03-03,0.529048486516591
2008-03-04,0.5231625902625618
2008-03-05,0.5328468142790966
2008-03-06,0.5344045262666884
2008-03-07,0.534106749886837
2008-03-10,0.5328898863888555
2008-03-11,0.5385992747775753
2008-03-12,0.5374452403874731
2008-03-13,0.5393034805459219
2008-03-14,0.5426708912689366
2008-03-17,0.5476840835695488
2008-03-18,0.5655197086398842
2008-03-19,0.5663595392181792
2008-03-20,0.5636161749423575
2008-03-24,0.5687928823671642
2008-03-25,0.5770212994958578
2008-03-26,0.575835593570019
2008-03-27,0.5718679360363588
2008-03-28,0.5737372433414155
2008-03-31,0.5794260457548066
2008-04-01,0.5891309617395201
2008-04-02,0.5935733121189553
2008-04-03,0.5941396873315851
2008-04-04,0.5942485628747651
2008-04-07,0.5936050141316764
2008-04-08,0.5969345931006698
2008-04-09,0.5900294442589361
2008-04-10,0.5883866702333467
2008-04-11,0.5863049480129847
2008-04-14,0.5872732157905972
2008-04-15,0.5867462790740452
2008-04-16,0.5879610995643813
2008-04-17,0.5862491492592947
2008-04-18,0.5886323192031949
2008-04-21,0.5881346406763152
2008-04-22,0.5932552135866013
2008-04-23,0.6009418383793385
2008-04-24,0.5949777548045545
2008-04-25,0.5946544339306988
2008-04-28,0.589969067609
2008-04-29,0.5960158193218043
2008-04-30,0.6006086796247665
2008-05-01,0.6003470959148756
2008-05-02,0.601590680801543
2008-05-05,0.6016659900764469
2008-05-06,0.6015583149358356
2008-05-07,0.6004497656728546
2008-05-08,0.600337447032607
2008-05-09,0.6035962209946981
2008-05-12,0.6059212068456863
2008-05-13,0.6064124812944724
2008-05-14,0.6044403119285385
2008-05-15,0.6070128243763899
2008-05-16,0.6103685813249886
2008-05-19,0.6042352349406434
2008-05-20,0.6015162475676891
2008-05-21,0.58772808394244
2008-05-22,0.5923094314806037
2008-05-23,0.5897853057452814
2008-05-27,0.589503359985447
2008-05-28,0.595491365096582
2008-05-29,0.6011704139032611
2008-05-30,0.5891695380968889
2008-06-02,0.5965653665663078
2008-06-03,0.5901511868652873
2008-06-04,0.5728098730183094
2008-06-05,0.5727430549648305
2008-06-06,0.5682377959067895
2008-06-09,0.5706860131807221
2008-06-10,0.5703132469158886
2008-06-11,0.567162481348277
2008-06-12,0.5684242747477697
2008-06-13,0.5617443334105142
2008-06-16,0.5607218549101188
2008-06-17,0.560622336279243
2008-06-18,0.5614268076819983
2008-06-19,0.5611210676372944
2008-06-20,0.5596899471748886
2008-06-23,0.5548091789055856
2008-06-24,0.552632160971217
2008-06-25,0.5469444888179268
2008-06-26,0.5566357032251126
2008-06-27,0.5585469408215628
2008-06-30,0.5567816021703682
2008-07-01,0.5541587245624462
2008-07-02,0.5578222389508393
2008-07-03,0.5542876411366604
2008-07-07,0.5540312679694711
2008-07-08,0.5483593476987321
2008-07-09,0.5468967497407893
2008-07-10,0.5642297496270839
2008-07-11,0.5555005424552925
2008-07-14,0.5535719255661022
2008-07-15,0.5607978399849638
2008-07-16,0.562896511082163
2008-07-17,0.575025064279359
2008-07-18,0.5483204296930674
2008-07-21,0.5481995058698782
2008-07-22,0.563110570680433
2008-07-23,0.5583828071235785
2008-07-24,0.5400351825454025
2008-07-25,0.5182196227528325
2008-07-28,0.5207421898499383
2008-07-29,0.5208744506252975
2008-07-30,0.5183470978447683
2008-07-31,0.5205094163887642
2008-08-01,0.5198870502097965
2008-08-04,0.5213700375746457
2008-08-05,0.5388324193100867
2008-08-06,0.5289510317906768
2008-08-07,0.5174185256082954
2008-08-08,0.5165531020006774
2008-08-11,0.5445209118613449
2008-08-12,0.5400219586914651
2008-08-13,0.508966108779724
2008-08-14,0.5080398774314014
2008-08-15,0.5116316786658779
2008-08-18,0.5155532422539572
2008-08-19,0.5237340914003213
2008-08-20,0.5271338031428421
2008-08-21,0.5311329008817252
2008-08-22,0.5375878044944886
2008-08-25,0.5358882217905384
2008-08-26,0.5373241333704036
2008-08-27,0.5380055349243719
2008-08-28,0.539335293247099
2008-08-29,0.5377632101677151
2008-09-02,0.5392169403803246
2008-09-03,0.5405618542731427
2008-09-04,0.5442285749094173
2008-09-05,0.5497845674405133
2008-09-08,0.5559813325555087
2008-09-09,0.5525681872633716
2008-09-10,0.5443016901425761
2008-09-11,0.5510864399241371
2008-09-12,0.5498013800940271
2008-09-15,0.5581530797258066
2008-09-16,0.5935731576638306
2008-09-17,0.591503116007409
2008-09-18,0.592713458783526
2008-09-19,0.605504141202965
2008-09-22,0.6136362881783276
2008-09-23,0.6160358932593413
2008-09-24,0.6161586313191864
2008-09-25,0.6206725753899043
2008-09-26,0.6181212189368932
2008-09-29,0.6233278009917116
2008-09-30,0.6235895356483603
2008-10-01,0.6200837247034049
2008-10-02,0.6240324787071521
2008-10-03,0.6239927875947835
2008-10-06,0.6305225200928816
2008-10-07,0.6356699747761271
2008-10-08,0.6390677181589085
2008-10-09,0.6373126274608367
2008-10-10,0.6518410279680116
2008-10-13,0.6723251988073767
2008-10-14,0.6792769955856501
2008-10-15,0.6872881484413692
2008-10-16,0.6915680652010013
2008-10-17,0.6918051850608377
2008-10-20,0.6914601603101388
2008-10-21,0.6942247402713839
2008-10-22,0.694358473293712
2008-10-23,0.6918443980691908
2008-10-24,0.6942428027069212
2008-10-27,0.6955382172525943
2008-10-28,0.6979476747202832
2008-10-29,0.7034465901601595
2008-10-30,0.7113510192827485
2008-10-31,0.7116025429490412
2008-11-03,0.7104732594752972
2008-11-04,0.7083273462893227
2008-11-05,0.7097372076928379
2008-11-06,0.7131758603267647
2008-11-07,0.7118440068685126
2008-11-10,0.7123074306013344
2008-11-11,0.7190867124475436
2008-11-12,0.7215868705057288
2008-11-13,0.7211446036044871
2008-11-14,0.7237797447811785
2008-11-17,0.7247437524435311
2008-11-18,0.722075858613812
2008-11-19,0.7241491636739978
2008-11-20,0.7279590728671905
2008-11-21,0.7251258481425876
2008-11-24,0.7346914209668874
2008-11-25,0.7403967424811716
2008-11-26,0.7428944010036587
2008-11-28,0.7475887390410406
2008-12-01,0.7517738284743977
2008-12-02,0.7526114280045314
2008-12-03,0.7555411594947072
2008-12-04,0.7538691573969056
2008-12-05,0.7549837024471032
2008-12-08,0.7586532859750135
2008-12-09,0.7557390533331081
2008-12-10,0.7514567538187401
2008-12-11,0.7489103315310509
2008-12-12,0.7471922100310476
2008-12-15,0.7488992744685055
2008-12-16,0.7520520888513138
2008-12-17,0.7535194605556288
2008-12-18,0.7518485428235935
2008-12-19,0.7502454632673403
2008-12-22,0.7470932687131188
2008-12-23,0.7471246989497113
2008-12-24,0.7469894488865988
2008-12-26,0.7466328663517892
2008-12-29,0.7463771851693352
2008-12-30,0.74713279793269
2008-12-31,0.7471554336288984
2009-01-02,0.7479948801757226
2009-01-05,0.7457541269140086
2009-01-06,0.7451747985399227
2009-01-07,0.7441028996307052
2009-01-08,0.7437506269963237
2009-01-09,0.7475260849543243
2009-01-12,0.7495810940005128
2009-01-13,0.7499617676241757
2009-01-14,0.7494596231640396
2009-01-15,0.7477151121128284
2009-01-16,0.7496286996793586
2009-01-20,0.7516075836633224
2009-01-21,0.7490117928871315
2009-01-22,0.7447286101007956
2009-01-23,0.7436533833356598
2009-01-26,0.743999353200807
2009-01-27,0.744421980704247
2009-01-28,0.747795591971613
2009-01-29,0.743376101867507
2009-01-30,0.7398992274581356
2009-02-02,0.737468011767158
2009-02-03,0.7395585881917349
2009-02-04,0.7390228451778708
2009-02-05,0.7401559250907516
2009-02-06,0.7414227207114513
2009-02-09,0.7418520973632668
2009-02-10,0.7461596628765146
2009-02-11,0.749712716081043
2009-02-12,0.7505528896536121
2009-02-13,0.7478616267715996
2009-02-17,0.7508656158875953
2009-02-18,0.7419062710349192
2009-02-19,0.7432847721069281
2009-02-20,0.7410750332760478
2009-02-23,0.7304624007583654
2009-02-24,0.7265620393744961
2009-02-25,0.7224895231348923
2009-02-26,0.7172232396886083
2009-02-27,0.715625313413988
2009-03-02,0.7164656061922807
2009-03-03,0.7175381189514713
2009-03-04,0.717933599066027
2009-03-05,0.7187864848516055
2009-03-06,0.7130421642888619
2009-03-09,0.7115344720490527
2009-03-10,0.7104195610021222
2009-03-11,0.7079903302467029
2009-03-12,0.7027691107264081
2009-03-13,0.7076099847478687
2009-03-16,0.7103024621669566
2009-03-17,0.7125917951810026
2009-03-18,0.7136071001011004
2009-03-19,0.7124723423372125
2009-03-20,0.7110125323116419
2009-03-23,0.7182423618302091
2009-03-24,0.7158626513286729
2009-03-25,0.7127397998683778
2009-03-26,0.7121568876702495
2009-03-27,0.7067097617949106
2009-03-30,0.7017943491629952
2009-03-31,0.7054284018752214
2009-04-01,0.7034085950549958
2009-04-02,0.7081028489642309
2009-04-03,0.705828604992042
2009-04-06,0.6963317718633583
2009-04-07,0.6886388301077938
2009-04-08,0.6892488960726547
2009-04-09,0.6832929099474294
2009-04-13,0.6722642954493536
2009-04-14,0.670883793089204
2009-04-15,0.66085757064533
2009-04-16,0.6637242999212345
2009-04-17,0.6531828851601017
2009-04-20,0.6365430746393949
2009-04-21,0.6377438090990996
2009-04-22,0.640693405044696
2009-04-23,0.63950375744038
2009-04-24,0.6354831680571554
2009-04-27,0.6315094872083303
2009-04-28,0.6231123127672127
2009-04-29,0.6153314174873281
2009-04-30,0.6206359401488357
2009-05-01,0.6254052808799869
2009-05-04,0.6299233491778533
2009-05-05,0.6240367174883896
2009-05-06,0.619752897647243
2009-05-07,0.6164057602852123
2009-05-08,0.6134871841154448
2009-05-11,0.6121231004385455
2009-05-12,0.6051589927790304
2009-05-13,0.5987916076792825
2009-05-14,0.5986157223608024
2009-05-15,0.6069398630582686
2009-05-18,0.6072695688211401
2009-05-19,0.6096543093263388
2009-05-20,0.6056163016080123
2009-05-21,0.6067431362002415
2009-05-22,0.6034443688873218
2009-05-26,0.598980579188709
2009-05-27,0.6009543794828026
2009-05-28,0.6049199304898564
2009-05-29,0.5971036944262008
2009-06-01,0.6040940766981685
2009-06-02,0.6065102846648064
2009-06-03,0.6101247723966069
2009-06-04,0.6130397486667363
2009-06-05,0.6120255718171916
2009-06-08,0.6055712744984696
2009-06-09,0.6056381556024578
2009-06-10,0.60358313046965
2009-06-11,0.6029153976346402
2009-06-12,0.6067353054712921
2009-06-15,0.6094111857984201
2009-06-16,0.604467996242884
2009-06-17,0.5949966473647096
2009-06-18,0.592019217297844
2009-06-19,0.5836153317960168
2009-06-22,0.585942113171434
2009-06-23,0.5876191558702432
2009-06-24,0.5818846551995756
2009-06-25,0.5622591819330928
2009-06-26,0.5671378828635867
2009-06-29,0.5706710475268708
2009-06-30,0.5662108684825555
2009-07-01,0.5620048306480622
2009-07-02,0.561396121686362
2009-07-06,0.5625314204846423
2009-07-07,0.5638769692028188
2009-07-08,0.5662949682686961
2009-07-09,0.5660567424626255
2009-07-10,0.5633104051471044
2009-07-13,0.5674334921051353
2009-07-14,0.5670609345332648
2009-07-15,0.5740342737836396
2009-07-16,0.5829998479863003
2009-07-17,0.5824301355749075
2009-07-20,0.5733208621245957
2009-07-21,0.5682314726184331
2009-07-22,0.5603973830369567
2009-07-23,0.5583529274532087
2009-07-24,0.5538388771078813
2009-07-27,0.5511650636902412
2009-07-28,0.5333992246347677
2009-07-29,0.5375533360102643
2009-07-30,0.5342806061468429
2009-07-31,0.531244450715005
2009-08-03,0.5352233039039503
2009-08-04,0.5305907271485811
2009-08-05,0.5279091602769147
2009-08-06,0.515411055722858
2009-08-07,0.5160186067756303
2009-08-10,0.514935679425842
2009-08-13,0.49970409596150817
2009-08-14,0.5083197829243205
2009-08-17,0.5059513620146857
2009-08-18,0.5085884394906313
2009-08-19,0.5048668641810949
2009-08-20,0.5154338514411846
2009-08-21,0.5286657190650134
2009-08-24,0.5294088937954239
2009-08-25,0.5253740664711323
2009-08-26,0.5199551882821949
2009-08-27,0.5213989064660121
2009-08-28,0.5202899798223897
2009-08-31,0.5213678782867868
2009-09-01,0.5225604377653151
2009-09-02,0.5399491539955352
2009-09-03,0.5425541440060282
2009-09-04,0.5455929796878132
2009-09-08,0.5497272188218069
2009-09-09,0.5482498134058402
2009-09-10,0.550221975054948
2009-09-11,0.5546558061550233
2009-09-14,0.5510095235451188
2009-09-15,0.5550582094118701
2009-09-16,0.5573338634447367
2009-09-17,0.5589552540973295
2009-09-18,0.5649091927090524
2009-09-21,0.5515064375889044
2009-09-22,0.5478310979828449
2009-09-23,0.5413732497762515
2009-09-24,0.5440195893815121
2009-09-25,0.5323205001661104
2009-09-28,0.5262444936761244
2009-09-29,0.5198212738561
2009-09-30,0.5334878299849178
2009-10-01,0.5366127980917056
2009-10-02,0.542889460680633
2009-10-05,0.5403569514606988
2009-10-06,0.5268158997587041
2009-10-07,0.5227675464661535
2009-10-08,0.5249818056553874
2009-10-09,0.5219555172983464
2009-10-12,0.5241489187296301
2009-10-13,0.5170288325528017
2009-10-14,0.5173955506660443
2009-10-15,0.5151778989259166
2009-10-16,0.5103475370863682
2009-10-19,0.5071975194981513
2009-10-20,0.5105745675392386
2009-10-21,0.5277512132507588
2009-10-22,0.51313350837297
2009-10-23,0.5026583304091392
2009-10-26,0.506890243686669
2009-10-27,0.5147238657461931
2009-10-28,0.5098672109145096
2009-10-29,0.5255820162447975
2009-10-30,0.5309285044640103
2009-11-02,0.5319989839138769
2009-11-03,0.5234857315765169
2009-11-04,0.5279836713697755
2009-11-05,0.5274372654445226
2009-11-06,0.5242491264361154
2009-11-09,0.5310051809825272
2009-11-10,0.5334235732745756
2009-11-11,0.5130030280482114
2009-11-12,0.5133717522439737
2009-11-13,0.5142271142724196
2009-11-16,0.5180153916829532
2009-11-17,0.5213155006789089
2009-11-18,0.521815178052447
2009-11-19,0.524781712374892
2009-11-20,0.5258131943358327
2009-11-23,0.5338389333462608
2009-11-24,0.5169723076561936
2009-11-25,0.532410592814473
2009-11-27,0.5345002934260074
2009-11-30,0.541170577437388
2009-12-01,0.5419842969969368
2009-12-02,0.5429155333482095
2009-12-03,0.5464768778079405
2009-12-04,0.5488420620891054
2009-12-07,0.5544722885121729
2009-12-08,0.5618741455405146
2009-12-09,0.5448671721294264
2009-12-10,0.5541601562673463
2009-12-11,0.5532481215375218
2009-12-14,0.5672181317157212
2009-12-15,0.5683042215580555
2009-12-16,0.5878092354343933
2009-12-17,0.594676994518055
2009-12-18,0.5799069161795223
2009-12-21,0.5801216167730013
2009-12-22,0.575008737408012
2009-12-23,0.5668173402385048
2009-12-24,0.5621644453938481
2009-12-28,0.5662575106069304
2009-12-29,0.5645356570054636
2009-12-30,0.5669435951547811
2009-12-31,0.5676778692348292
2010-01-04,0.5642666287659677
2010-01-05,0.5549626464982012
2010-01-06,0.5563284304668582
2010-01-07,0.5508557914794152
2010-01-08,0.5446761559710458
2010-01-11,0.5511808462701651
2010-01-12,0.5340081492138169
2010-01-13,0.5335264855925618
2010-01-14,0.533234864261561
2010-01-15,0.52696911500553
2010-01-19,0.5257061488323773
2010-01-20,0.5201064459686073
2010-01-21,0.5266499285753375
2010-01-22,0.5334210412530945
2010-01-25,0.5393210278997018
2010-01-26,0.5342853454707929
2010-01-27,0.533786096588389
2010-01-28,0.5347921332708689
2010-01-29,0.5287602619906573
2010-02-01,0.5289853297991065
2010-02-02,0.525769728766217
2010-02-03,0.5221962884432524
2010-02-04,0.5366866475406009
2010-02-05,0.5403593179701972
2010-02-08,0.542309649113967
2010-02-09,0.5416765241338631
2010-02-10,0.5338559167406608
2010-02-11,0.5302714045912034
2010-02-12,0.5328504893193791
2010-02-16,0.5361224619149366
2010-02-17,0.5369622975003062
2010-02-18,0.5411793430438615
2010-02-19,0.5474290048493344
2010-02-22,0.5457086734523698
2010-02-23,0.5529852789763746
2010-02-24,0.558273767804659
2010-02-25,0.5648015034561658
2010-02-26,0.5763185954895286
2010-03-01,0.5778746127815464
2010-03-02,0.5806071477586209
2010-03-03,0.5889304354289256
2010-03-04,0.5933063785205522
2010-03-05,0.5918663783490395
2010-03-08,0.5877543754799663
2010-03-09,0.5871736313378367
2010-03-10,0.5893822454960767
2010-03-11,0.5760862717432471
2010-03-12,0.5653046048061091
2010-03-15,0.5558135341842266
2010-03-16,0.5577178200636275
2010-03-17,0.5516557099237265
2010-03-18,0.5420590674721848
2010-03-19,0.5437891112125881
2010-03-22,0.545519368459872
2010-03-23,0.5453134754489535
2010-03-24,0.5411073103903148
2010-03-25,0.5395991893044505
2010-03-26,0.5411086524226081
2010-03-29,0.5341837307004484
2010-03-30,0.5328519443025904
2010-03-31,0.5372418891185183
2010-04-06,0.5328173766289632
2010-04-07,0.5305560522836856
2010-04-08,0.5152516952848791
2010-04-09,0.5186715278810103
2010-04-12,0.5234188746921625
2010-04-13,0.49761314457342265
2010-04-14,0.4981893720554786
2010-04-15,0.4807343617160808
2010-04-16,0.486391928658218
2010-04-19,0.4883133430472907
2010-04-20,0.4946519286449693
2010-04-21,0.5138877005348694
2010-04-22,0.5001899483071596
2010-04-23,0.49983500240320766
2010-04-26,0.4859729674715659
2010-04-27,0.5023596983079568
2010-04-28,0.496699872707977
2010-04-29,0.5147946152386155
2010-04-30,0.5128922206521409
2010-05-03,0.5202690776304856
2010-05-04,0.5334740505971939
2010-05-05,0.5472889256803776
2010-05-06,0.5840274327352272
2010-05-07,0.5954638190012328
2010-05-10,0.6056811418573612
2010-05-11,0.612602346295424
2010-05-12,0.6120846972770498
2010-05-13,0.6128507086343519
2010-05-14,0.6175968432817477
2010-05-17,0.6218748263228985
2010-05-18,0.6272299164793662
2010-05-19,0.6377994657319266
2010-05-20,0.6498959137017783
2010-05-21,0.6542830731475345
2010-05-24,0.6613601376639787
2010-05-25,0.6701286801346491
2010-05-26,0.6751679081633669
2010-05-27,0.6745988305196325
2010-05-28,0.6724106218133634
2010-06-01,0.6714021576783751
2010-06-02,0.6745042370986262
2010-06-03,0.6807589450389535
2010-06-04,0.6894917806335207
2010-06-07,0.6912735922649978
2010-06-08,0.7055941869247843
2010-06-09,0.6982249010432564
2010-06-10,0.6950355933735922
2010-06-11,0.6899146024763894
2010-06-14,0.6900070346222164
2010-06-15,0.6928906419262149
2010-06-16,0.6968695282493599
2010-06-17,0.6931352712637846
2010-06-18,0.6913961639713299
2010-06-21,0.6895176732991922
2010-06-22,0.6884310427060039
2010-06-23,0.6910781514293155
2010-06-24,0.6934845001197638
2010-06-25,0.694949677460841
2010-06-28,0.6852227788616152
2010-06-29,0.6813705324809339
2010-06-30,0.6834226465671649
2010-07-01,0.6844497917044948
2010-07-02,0.6816789710680973
2010-07-06,0.6825029178983212
2010-07-07,0.6850273308102224
2010-07-08,0.6925453045147908
2010-07-09,0.6906083192217132
2010-07-12,0.6883394876305039
2010-07-13,0.6917626486627052
2010-07-14,0.6935406344435535
2010-07-15,0.695523137510525
2010-07-16,0.6934938926093335
2010-07-19,0.6939834264265845
2010-07-20,0.6911440605047808
2010-07-21,0.6866697235351275
2010-07-22,0.6829287789792662
2010-07-23,0.6759600733316821
2010-07-26,0.6788260555655982
2010-07-27,0.674482276245235
2010-07-28,0.6749691744920814
2010-07-29,0.6690165280062711
2010-07-30,0.6706271656337003
2010-08-02,0.6741313710830519
2010-08-03,0.6730888485430419
2010-08-04,0.6743070263491977
2010-08-05,0.6781974952017001
2010-08-06,0.679100079362356
2010-08-09,0.6802012264454176
2010-08-10,0.6779579720574571
2010-08-11,0.684412879230153
2010-08-12,0.6880565731614791
2010-08-13,0.6899301375247275
2010-08-16,0.6914722128066052
2010-08-17,0.6971073388398915
2010-08-18,0.6997738102322323
2010-08-19,0.703095124785733
2010-08-20,0.7064547360920734
2010-08-23,0.7090266997219367
2010-08-24,0.7105657032818462
2010-08-25,0.7113603853079006
2010-08-26,0.7133034628237696
2010-08-27,0.7185371165517702
2010-08-30,0.7223093660193473
2010-08-31,0.7237870212869353
2010-09-01,0.7265010714896466
2010-09-02,0.7278238410378843
2010-09-03,0.7310594923402683
2010-09-07,0.7306503465477696
2010-09-08,0.7280445116350455
2010-09-09,0.7269223670775032
2010-09-10,0.729853699362978
2010-09-13,0.7334353880703977
2010-09-14,0.7227307203088651
2010-09-15,0.7222594326170099
2010-09-16,0.715056858441171
2010-09-17,0.7172424330892467
2010-09-20,0.7117438327603806
2010-09-21,0.7132114952708359
2010-09-22,0.7085974091842632
2010-09-23,0.7101320750192461
2010-09-24,0.714845960042947
2010-09-27,0.7092843538013
2010-09-28,0.7029724758411376
2010-09-29,0.6915110163184902
2010-09-30,0.691270879007823
2010-10-01,0.6844681466025154
2010-10-04,0.6840996106174125
2010-10-05,0.6857532512149888
2010-10-06,0.6889741240317394
2010-10-07,0.6899435690001818
2010-10-08,0.6904003137535
2010-10-11,0.6855011356024796
2010-10-12,0.681981568201065
2010-10-13,0.6801797567030081
2010-10-14,0.6812366838051778
2010-10-15,0.6779292735975582
2010-10-18,0.676403162602972
2010-10-19,0.6786192489972384
2010-10-20,0.6753498841402478
2010-10-21,0.6723078747549158
2010-10-22,0.6699103584412952
2010-10-25,0.6708001797530229
2010-10-26,0.6703989782141923
2010-10-27,0.668198472850001
2010-10-28,0.6634491868447193
2010-10-29,0.6756996735867915
2010-11-01,0.6859801983253534
2010-11-02,0.6996177253967236
2010-11-03,0.6998104156556986
2010-11-04,0.6942523508482461
2010-11-05,0.6799206556281913
2010-11-08,0.6740504123001437
2010-11-09,0.6693286642501164
2010-11-10,0.676452109873826
2010-11-11,0.667202106029725
2010-11-12,0.6493582910927992
2010-11-15,0.6495865848582918
2010-11-16,0.654798984482657
2010-11-17,0.6465596143802561
2010-11-18,0.6526585509349256
2010-11-19,0.6515871232462416
2010-11-22,0.6440945538564994
2010-11-23,0.6465656050593488
2010-11-24,0.6545291766993812
2010-11-26,0.6577387330378817
2010-11-29,0.6676216111186138
2010-11-30,0.6674426708110065
2010-12-01,0.6720472205397553
2010-12-02,0.6659756968441567
2010-12-03,0.6679982713126518
2010-12-06,0.6674013000139015
2010-12-07,0.6625310019191323
2010-12-08,0.6486007324336885
2010-12-09,0.6474185817362816
2010-12-10,0.6486597088871604
2010-12-13,0.6472567219132351
2010-12-14,0.6393055682553447
2010-12-15,0.6195996220742982
2010-12-16,0.6218821927671827
2010-12-17,0.608117189319112
2010-12-20,0.5962433139293505
2010-12-21,0.5943645572090018
2010-12-22,0.5877567036879505
2010-12-23,0.5811719028783238
2010-12-27,0.5830554326636589
2010-12-28,0.5767434148735476
2010-12-29,0.5663007558659008
2010-12-30,0.568954831072939
2010-12-31,0.5541595216375458
2011-01-03,0.5580453471896438
2011-01-04,0.553888898831709
2011-01-05,0.5408828152562253
2011-01-06,0.5251400006280179
2011-01-07,0.5137877624238133
2011-01-10,0.4928428245575712
2011-01-11,0.4858158924343239
2011-01-12,0.4874433211860692
2011-01-13,0.47944206326068795
2011-01-14,0.4775164423678002
2011-01-18,0.4744283641664613
2011-01-19,0.45890092944097777
2011-01-20,0.46981492284941223
2011-01-21,0.46762471153762347
2011-01-24,0.465920586663423
2011-01-25,0.4610889585260312
2011-01-26,0.47272899853230327
2011-01-27,0.45351949116983836
2011-01-28,0.4681035200210944
2011-01-31,0.46288233567877424
2011-02-01,0.47559459518791264
2011-02-02,0.46516757057433417
2011-02-03,0.46596360970831424
2011-02-04,0.4746110081623488
2011-02-07,0.4739630312696558
2011-02-08,0.4690265451563252
2011-02-09,0.4714526916662709
2011-02-10,0.4767469476595429
2011-02-11,0.4736005068286532
2011-02-14,0.4678428295645511
2011-02-15,0.46863126295739543
2011-02-16,0.4588292014690322
2011-02-17,0.445685332829856
2011-02-18,0.4439386037559506
2011-02-22,0.43612922640833757
2011-02-23,0.4333856422666649
2011-02-24,0.44386650269767197
2011-02-25,0.4420493805644573
2011-02-28,0.42727953007348607
2011-03-01,0.433973359797772
2011-03-02,0.4338530158569434
2011-03-03,0.4421727224493654
2011-03-04,0.43462827495985046
2011-03-07,0.4320561883223568
2011-03-08,0.431151185294522
2011-03-09,0.4278233406896697
2011-03-10,0.44894385198288017
2011-03-11,0.459739880402219
2011-03-14,0.4454328309083378
2011-03-15,0.4591627692564983
2011-03-16,0.4510353058982872
2011-03-17,0.4603563714134022
2011-03-18,0.4647711812685445
2011-03-21,0.46684962661337115
2011-03-22,0.4666045221992507
2011-03-23,0.46189001336446867
2011-03-24,0.4638795539657511
2011-03-25,0.4738318814455241
2011-03-28,0.46368926209426314
2011-03-29,0.4665943793372017
2011-03-30,0.4597170222974459
2011-03-31,0.46785465242446855
2011-04-01,0.47046794155153604
2011-04-04,0.4547293574957786
2011-04-05,0.44992239780703075
2011-04-06,0.43796893327297126
2011-04-07,0.44078328363978436
2011-04-08,0.4332972242502302
2011-04-11,0.40311494441593787
2011-04-12,0.4259958714132456
2011-04-13,0.4258150887939584
2011-04-14,0.42114125774279515
2011-04-15,0.4165080001501965
2011-04-18,0.42916126425878043
2011-04-19,0.4451515060135274
2011-04-20,0.4568300139326359
2011-04-21,0.455473975111259
2011-04-25,0.4594774828831011
2011-04-26,0.4504851855770074
2011-04-27,0.45298929586268977
2011-04-28,0.4497517632992081
2011-04-29,0.45791868083963067
2011-05-02,0.4591750609321605
2011-05-03,0.4648341291852066
2011-05-04,0.4502069190850137
2011-05-05,0.44248133301681436
2011-05-06,0.44127549892812273
2011-05-09,0.4396629186071602
2011-05-10,0.4483777018549454
2011-05-11,0.44119499531875195
2011-05-12,0.4276277312732146
2011-05-13,0.43019125450969603
2011-05-16,0.4425665987790376
2011-05-17,0.44117458234737134
2011-05-18,0.43151223241170844
2011-05-19,0.43266360944492904
2011-05-20,0.4375138472499439
2011-05-23,0.46338113386141333
2011-05-24,0.45898755533740326
2011-05-25,0.4613694501237288
2011-05-26,0.461994241477311
2011-05-27,0.4653921058511606
2011-05-31,0.4748941488330012
2011-06-01,0.4873742681689548
2011-06-02,0.500707587338936
2011-06-03,0.5144055663739554
2011-06-06,0.5192484282334652
2011-06-07,0.5187153333956113
2011-06-08,0.5213329103195659
2011-06-09,0.5138159192934713
2011-06-10,0.5118641420228652
2011-06-13,0.5058890194776189
2011-06-14,0.504767057279203
2011-06-15,0.511541372664812
2011-06-16,0.5156530909048541
2011-06-17,0.5174452822437379
2011-06-20,0.5168781743137233
2011-06-21,0.5306155877285995
2011-06-22,0.5354983788827555
2011-06-23,0.5382957328157649
2011-06-24,0.5399529658099962
2011-06-27,0.535303535147258
2011-06-28,0.5427085600694102
2011-06-29,0.5452607486266693
2011-06-30,0.5484783100220101
2011-07-01,0.552175215415391
2011-07-05,0.558997171102095
2011-07-06,0.5630791308560312
2011-07-07,0.5663727658484518
2011-07-08,0.5683988381397659
2011-07-11,0.5738186161767211
2011-07-12,0.5664379499624045
2011-07-13,0.565663993802307
2011-07-14,0.5617503141124548
2011-07-15,0.560648760100684
2011-07-18,0.5657375334051721
2011-07-19,0.5631925997937541
2011-07-20,0.5596288590020743
2011-07-21,0.5587966897710148
2011-07-22,0.5366784915438432
2011-07-25,0.5341131443258507
2011-07-26,0.5330229559381549
2011-07-27,0.5352229266307017
2011-07-28,0.5340351536799517
2011-07-29,0.541940395218994
2011-08-01,0.5474706135840632
2011-08-02,0.555835086797653
2011-08-03,0.5575035184671103
2011-08-04,0.5690016384297941
2011-08-05,0.5741154891701841
2011-08-08,0.5930763019004482
2011-08-09,0.5998878803774651
2011-08-10,0.6089902385973295
2011-08-11,0.6195832592491908
2011-08-12,0.6304449009915304
2011-08-15,0.6332833023546882
2011-08-16,0.6311288717680703
2011-08-17,0.6335544810401801
2011-08-18,0.6526719881931689
2011-08-19,0.655802981499369
2011-08-22,0.6533636655900378
2011-08-23,0.65853136915689
2011-08-24,0.6705783012575538
2011-08-25,0.6678333862483511
2011-08-26,0.6708711794189356
2011-08-29,0.6779532485587805
2011-08-30,0.6801917558477553
2011-08-31,0.6778694771123026
2011-09-01,0.6810521157771625
2011-09-02,0.6904961541372628
2011-09-06,0.6966443881248633
2011-09-07,0.7054233912228869
2011-09-08,0.7049855970966926
2011-09-09,0.7136251446466096
2011-09-12,0.7198356546290329
2011-09-13,0.7274618088543091
2011-09-14,0.7287696185029068
2011-09-15,0.7331964292468982
2011-09-16,0.7351812475292288
2011-09-19,0.73706597253904
2011-09-20,0.7405722631531109
2011-09-21,0.7464211883105041
2011-09-22,0.7587898375295903
2011-09-23,0.7544876694850536
2011-09-26,0.761074956059481
2011-09-27,0.7649741517073101
2011-09-28,0.7647876485412649
2011-09-29,0.7590843314736894
2011-09-30,0.7610909730345528
2011-10-03,0.7629437330138022
2011-10-04,0.7666266264659347
2011-10-05,0.767475216428582
2011-10-06,0.7672851961616207
2011-10-07,0.7682370155850766
2011-10-10,0.7727372487003582
2011-10-11,0.7708870994886012
2011-10-12,0.7753587530209024
2011-10-13,0.7752920847284722
2011-10-14,0.7747336638693275
2011-10-17,0.7768222012612995
2011-10-18,0.7738639295879726
2011-10-19,0.7723972089495308
2011-10-20,0.7700600993930153
2011-10-21,0.7691680847460064
2011-10-24,0.7689101592630803
2011-10-25,0.7679026193425926
2011-10-26,0.766122318854731
2011-10-27,0.7701868931401243
2011-10-28,0.7682996990637307
2011-10-31,0.7693922801079282
2011-11-01,0.7740607550626522
2011-11-02,0.7738765740228423
2011-11-03,0.7739882062455249
2011-11-04,0.7741862651256912
2011-11-07,0.772514551109016
2011-11-08,0.7721244433178455
2011-11-09,0.7710745992620921
2011-11-10,0.7716338986310214
2011-11-11,0.772866901668961
2011-11-14,0.7695911195620063
2011-11-15,0.768879458671811
2011-11-16,0.7726024409337869
2011-11-17,0.7729254661776876
2011-11-18,0.7696949842041597
2011-11-21,0.7745254212245684
2011-11-22,0.7738013158745187
2011-11-23,0.7685540354642519
2011-11-25,0.772463925587227
2011-11-28,0.7792514087839749
2011-11-29,0.7804251546802884
2011-11-30,0.7832526316796903
2011-12-01,0.7801142383438335
2011-12-02,0.7777784337452097
2011-12-05,0.776732022494356
2011-12-06,0.7776873797542436
2011-12-07,0.7807108320442799
2011-12-08,0.7747903651401736
2011-12-09,0.7748828368966267
2011-12-12,0.771429591926971
2011-12-13,0.7681883329612237
2011-12-14,0.7616962248041376
2011-12-15,0.7638683089176564
2011-12-16,0.765885739336935
2011-12-19,0.7653686789203503
2011-12-20,0.7640835504540393
2011-12-21,0.762529419752053
2011-12-22,0.7616489618905247
2011-12-23,0.7624280727917636
2011-12-27,0.7524299850292826
2011-12-28,0.7555707589091389
2011-12-29,0.7588447285763696
2011-12-30,0.7587220333496255
2012-01-03,0.7541853073564045
2012-01-04,0.7547739120720224
2012-01-05,0.7530220763919564
2012-01-06,0.7476560261581172
2012-01-09,0.7507887188835114
2012-01-10,0.7504512125278181
2012-01-11,0.7501519810036709
2012-01-12,0.7404035451214498
2012-01-13,0.7364100374346818
2012-01-17,0.732459472630562
2012-01-18,0.7322384646270186
2012-01-19,0.7246180784693684
2012-01-20,0.7177632520428918
2012-01-23,0.7134077305214097
2012-01-24,0.7086772980215886
2012-01-25,0.7024705523422707
2012-01-26,0.6979931039124103
2012-01-27,0.701556742765795
2012-01-30,0.7014304773294882
2012-01-31,0.7031253822275123
2012-02-01,0.6858141375554474
2012-02-02,0.6892772158604873
2012-02-03,0.6820055585308151
2012-02-06,0.6749742363765394
2012-02-07,0.6741697966188328
2012-02-08,0.6780077078136383
2012-02-09,0.6712233605622511
2012-02-10,0.6653692029609782
2012-02-13,0.6626618077781238
2012-02-14,0.6610163121528099
2012-02-15,0.6584992089857916
2012-02-16,0.6570900571147043
2012-02-17,0.6517756334219402
2012-02-21,0.6467840382658394
2012-02-22,0.6426607786032779
2012-02-23,0.6440303149392616
2012-02-24,0.6429538800429411
2012-02-27,0.638712877414342
2012-02-28,0.6433452590382102
2012-02-29,0.6436815637441545
2012-03-01,0.6420349425872796
2012-03-02,0.6393002401666622
2012-03-05,0.636326104949015
2012-03-06,0.6366670671826414
2012-03-07,0.6355242248151783
2012-03-08,0.6236726725766178
2012-03-09,0.624602063761009
2012-03-12,0.6205467753044355
2012-03-13,0.5998215463210194
2012-03-14,0.6029911369989196
2012-03-15,0.6009663745543876
2012-03-16,0.6004113695245995
2012-03-19,0.5999178977319449
2012-03-20,0.5984117606512718
2012-03-21,0.5799956447088689
2012-03-22,0.5855468375363744
2012-03-23,0.5715648542146395
2012-03-26,0.5838365522996825
2012-03-27,0.5835260945146317
2012-03-28,0.5789351744402567
2012-03-29,0.5696737459655636
2012-03-30,0.5789407940200981
2012-04-02,0.5681220783128553
2012-04-03,0.5602970823041882
2012-04-04,0.5569071566144767
2012-04-05,0.5428327399466666
2012-04-09,0.5264084658819438
2012-04-10,0.5417274507940391
2012-04-11,0.5192217684220425
2012-04-12,0.5178731648732732
2012-04-13,0.5070989521673901
2012-04-16,0.51951829509843
2012-04-17,0.5341184069726529
2012-04-18,0.5310571049103664
2012-04-19,0.5337309385747232
2012-04-20,0.5320614839868613
2012-04-23,0.5297148153236502
2012-04-24,0.5202623842927969
2012-04-25,0.5201155665381437
2012-04-26,0.5250076667283549
2012-04-27,0.5103972579930944
2012-04-30,0.5080680506009011
2012-05-01,0.4934705881426036
2012-05-02,0.4876741807150703
2012-05-03,0.4931285815252446
2012-05-04,0.520840687588912
2012-05-07,0.5203577543822733
2012-05-08,0.519402857809025
2012-05-09,0.5221778051030388
2012-05-10,0.5230954282331589
2012-05-11,0.5118968903238836
2012-05-14,0.5228967996131233
2012-05-15,0.5414983619214019
2012-05-16,0.5362582847274076
2012-05-17,0.529011893750908
2012-05-18,0.5411467128145758
2012-05-21,0.5397844330166702
2012-05-22,0.5438126827875905
2012-05-23,0.5524294254034022
2012-05-24,0.545050496364855
2012-05-25,0.5413986938644113
2012-05-29,0.5361273174200228
2012-05-30,0.5473570558110766
2012-05-31,0.5528462538597607
2012-06-01,0.5555912651089726
2012-06-04,0.5540079869641116
2012-06-05,0.5563140376465465
2012-06-06,0.5629759938993806
2012-06-07,0.5581078243506187
2012-06-08,0.5581099341343853
2012-06-11,0.5596074496472742
2012-06-12,0.5591186024413669
2012-06-13,0.5596132620827068
2012-06-14,0.5618028074177919
2012-06-15,0.5724354750939127
2012-06-18,0.5699769920060237
2012-06-19,0.5740702358926035
2012-06-20,0.5693205590636856
2012-06-21,0.5704552443244268
2012-06-22,0.5709011563820489
2012-06-25,0.5705542430395246
2012-06-26,0.572084510035843
2012-06-27,0.5752770691593012
2012-06-28,0.5890494177072525
2012-06-29,0.6004703492073352
2012-07-02,0.6019437336512519
2012-07-03,0.6025292084616778
2012-07-05,0.602301353876282
2012-07-06,0.6034576807444995
2012-07-09,0.5992853211628338
2012-07-10,0.6011339769258274
2012-07-11,0.5973585952997046
2012-07-12,0.5970245125504303
2012-07-13,0.5945176716754245
2012-07-16,0.5964890882687601
2012-07-17,0.5970731556299936
2012-07-18,0.5933671947785765
2012-07-19,0.5893330135999625
2012-07-20,0.5927852759760668
2012-07-23,0.5901409086977892
2012-07-24,0.59188189977028
2012-07-25,0.5874458969441065
2012-07-26,0.5924372818845925
2012-07-27,0.5993689798632451
2012-07-30,0.60550424590003
2012-07-31,0.6023401260296477
2012-08-03,0.6105415353002087
2012-08-06,0.606818741871124
2012-08-07,0.5996575633790344
2012-08-08,0.6021651497105829
2012-08-09,0.6041025399627452
2012-08-10,0.6008823503923559
2012-08-13,0.6006927255606388
2012-08-14,0.5989258170111189
2012-08-15,0.5946551765232273
2012-08-16,0.5965172500790676
2012-08-17,0.5875342402892897
2012-08-20,0.5814359612789838
2012-08-21,0.5800749868334925
2012-08-22,0.5822088914962776
2012-08-23,0.5817562531914922
2012-08-24,0.581826989506105
2012-08-27,0.5804097027372964
2012-08-28,0.57855742666519
2012-08-29,0.5773494091509072
2012-08-30,0.583471458022705
2012-08-31,0.5799950322608655
2012-09-04,0.5921059452560298
2012-09-05,0.573499423112016
2012-09-06,0.5773250407075238
2012-09-07,0.5782205311008413
2012-09-10,0.6005512662733345
2012-09-11,0.6012012908746269
2012-09-12,0.6021201367787964
2012-09-13,0.6017490809941265
2012-09-14,0.5931866766238898
2012-09-17,0.5866855790282078
2012-09-18,0.5879862060906129
2012-09-19,0.5824215282244533
2012-09-20,0.5756737188490583
2012-09-21,0.5743968197374214
2012-09-24,0.5727799662505255
2012-09-25,0.5745221811992335
2012-09-26,0.5770301700150439
2012-09-27,0.5745596065386958
2012-09-28,0.5644776216892895
2012-10-01,0.5634010662624123
2012-10-02,0.5632813371204375
2012-10-03,0.5613335521810854
2012-10-04,0.5705484954060515
2012-10-05,0.5720065492130667
2012-10-08,0.5669738330908957
2012-10-09,0.5645626777594296
2012-10-10,0.5633033342015584
2012-10-11,0.5507709947849347
2012-10-12,0.5512320203892422
2012-10-15,0.550367594959667
2012-10-16,0.5506238048727492
2012-10-17,0.5413116935873755
2012-10-18,0.5395039794416164
2012-10-19,0.5408165783812923
2012-10-22,0.5414689566268716
2012-10-23,0.543656639098089
2012-10-24,0.5424802628316981
2012-10-25,0.5419852261218723
2012-10-26,0.5413342435807104
2012-10-31,0.5359419234736421
2012-11-01,0.5269381500765182
2012-11-02,0.5266088615118936
2012-11-05,0.5318446679143266
2012-11-06,0.5317001759539616
2012-11-07,0.5345778933370341
2012-11-08,0.5425312607536887
2012-11-09,0.53670392874433
2012-11-12,0.5334250328559837
2012-11-13,0.5246252761938951
2012-11-14,0.5250168688150363
2012-11-15,0.5282311076672396
2012-11-16,0.5247262152918514
2012-11-19,0.5411151865116404
2012-11-20,0.5357183687824817
2012-11-21,0.5345622250071655
2012-11-23,0.5462279941403277
2012-11-26,0.5451702795991686
2012-11-27,0.5419788422131145
2012-11-28,0.5314572643538938
2012-11-29,0.53943071050924
2012-11-30,0.5387634944507509
2012-12-03,0.5455290380284771
2012-12-04,0.5351563098560781
2012-12-05,0.5384867711753925
2012-12-06,0.5442471717917449
2012-12-07,0.5357390901171454
2012-12-10,0.5272496602609247
2012-12-11,0.5262122321700818
2012-12-12,0.5208155017217806
2012-12-13,0.515264189394597
2012-12-14,0.5124870701297427
2012-12-17,0.5182233396077567
2012-12-18,0.5238970798513506
2012-12-19,0.5285926397311563
2012-12-20,0.5294784344655996
2012-12-21,0.5291921855488733
2012-12-24,0.5282540968108546
2012-12-26,0.5299857591418766
2012-12-27,0.5355479572877351
2012-12-28,0.5407893388017596
2012-12-31,0.5420828248490104
2013-01-02,0.5684028975194484
2013-01-03,0.5674773564486845
2013-01-04,0.5642727856976614
2013-01-07,0.559183268596531
2013-01-08,0.5565765329954282
2013-01-09,0.5553532236373159
2013-01-10,0.5563112564125176
2013-01-11,0.5516179498364074
2013-01-14,0.546932617296064
2013-01-15,0.5529544012007815
2013-01-16,0.5528325252542758
2013-01-17,0.5444023221838619
2013-01-18,0.5399648025149287
2013-01-22,0.5398205097556324
2013-01-23,0.5414325753038655
2013-01-24,0.536676439763683
2013-01-25,0.5341162954667439
2013-01-28,0.538315091234592
2013-01-29,0.5359442249205911
2013-01-30,0.5433301522888399
2013-01-31,0.536747256058866
2013-02-01,0.5388263431662365
2013-02-04,0.5382528280977347
2013-02-05,0.5343300832080473
2013-02-06,0.5310009468900689
2013-02-07,0.5198527331928952
2013-02-08,0.5203091251363476
2013-02-11,0.522007699222857
2013-02-12,0.5251377970474527
2013-02-13,0.5298595457359841
2013-02-14,0.528296173541353
2013-02-15,0.5216562800640119
2013-02-19,0.5194933074309469
2013-02-20,0.5238553363662085
2013-02-21,0.5278989919679836
2013-02-22,0.5173659093000421
2013-02-25,0.5271826228792672
2013-02-26,0.5294389522223126
2013-02-27,0.5291003381564896
2013-02-28,0.5305312297977334
2013-03-01,0.543849396621562
2013-03-04,0.5528549368532443
2013-03-05,0.5562499042818602
2013-03-06,0.5541546603326787
2013-03-07,0.5482281199174822
2013-03-08,0.5535819863914697
2013-03-11,0.5459839113579118
2013-03-12,0.5595693673307823
2013-03-13,0.5571085620230518
2013-03-14,0.551379042885519
2013-03-15,0.5455018444244609
2013-03-18,0.5343649834359455
2013-03-19,0.5466560952103686
2013-03-20,0.5311891430893084
2013-03-21,0.5368247073032811
2013-03-22,0.5327836181355162
2013-03-25,0.5098729068368423
2013-03-26,0.5156492447990964
2013-03-27,0.5211812681558372
2013-03-28,0.5182989783421763
2013-04-01,0.5115606628285033
2013-04-02,0.501753170391853
2013-04-03,0.4814861793715605
2013-04-04,0.4834741413895536
2013-04-05,0.4882485367569304
2013-04-08,0.5014299909087989
2013-04-09,0.49889651214800323
2013-04-10,0.5372624867407473
2013-04-11,0.5401300437293723
2013-04-12,0.5336940943703403
2013-04-15,0.560747182561806
2013-04-16,0.5443807484528935
2013-04-17,0.5398286215199134
2013-04-18,0.5563736543888248
2013-04-19,0.5564685464576409
2013-04-22,0.5669638472189056
2013-04-23,0.5667616266850728
2013-04-24,0.5656728183361819
2013-04-25,0.5340297697939421
2013-04-26,0.530456916843543
2013-04-29,0.5126558011920105
2013-04-30,0.5172359693130567
2013-05-01,0.49932203798802455
2013-05-02,0.5081035204565455
2013-05-03,0.5312832442640285
2013-05-06,0.5290884971815435
2013-05-07,0.5077942553940652
2013-05-08,0.5091031737472884
2013-05-09,0.4995751063944444
2013-05-10,0.4891968729109467
2013-05-13,0.4158118617204237
2013-05-14,0.40605398460442926
2013-05-15,0.40458219242891985
2013-05-16,0.40975935269735436
2013-05-17,0.38117248560619654
2013-05-20,0.37913657509683446
2013-05-21,0.37854652117740606
2013-05-22,0.38673799239411627
2013-05-23,0.4645835132667619
2013-05-24,0.44266462433279463
2013-05-28,0.45352423483450516
2013-05-29,0.477890533215928
2013-05-30,0.44559193210622666
2013-05-31,0.43674356525901087
2013-06-03,0.4747583217169781
2013-06-04,0.4761903636678455
2013-06-05,0.46627352093657276
2013-06-06,0.4697425860536539
2013-06-07,0.4810749428422569
2013-06-10,0.5024772584115575
2013-06-11,0.4879961519297369
2013-06-12,0.4860210407557756
2013-06-13,0.47629350234689566
2013-06-14,0.4804486323401297
2013-06-17,0.48969589432920274
2013-06-18,0.4945588649375877
2013-06-19,0.49690576483405186
2013-06-20,0.5368754798084442
2013-06-21,0.5394349584665931
2013-06-24,0.5468552070670695
2013-06-25,0.5418093715690391
2013-06-26,0.5516197194565557
2013-06-27,0.5552559180876455
2013-06-28,0.5571319676612398
2013-07-01,0.5535311825136217
2013-07-02,0.5528778026184794
2013-07-03,0.5548126529893559
2013-07-05,0.5577569945196218
2013-07-08,0.5574487072197918
2013-07-09,0.5584430398669561
2013-07-10,0.5583466634873134
2013-07-11,0.5612876522351975
2013-07-12,0.56024178703258
2013-07-15,0.5713154683327066
2013-07-16,0.5702367899842424
2013-07-17,0.5738928490607932
2013-07-18,0.559939206452438
2013-07-19,0.5588277336384906
2013-07-22,0.5588060029907148
2013-07-23,0.5570698642421527
2013-07-24,0.5525184835077447
2013-07-25,0.5484012055492544
2013-07-26,0.545068494320293
2013-07-29,0.5394664213593009
2013-07-30,0.5365698064155905
2013-07-31,0.5371498526349131
2013-08-01,0.5346784288974543
2013-08-02,0.5314110457577063
2013-08-05,0.5283822033444993
2013-08-06,0.5232396061122472
2013-08-07,0.5246635965493052
2013-08-08,0.5169916075287159
2013-08-09,0.5259541509053773
2013-08-12,0.5211693005073161
2013-08-13,0.5130129015543228
2013-08-14,0.5134035229648114
2013-08-15,0.5271051447046463
2013-08-16,0.5271698571386907
2013-08-19,0.5236575806381885
2013-08-20,0.5256026288045068
2013-08-21,0.5202208377089088
2013-08-22,0.518852387467823
2013-08-23,0.5371134960917627
2013-08-26,0.5344849794378332
2013-08-27,0.5469606262169314
2013-08-28,0.5334783927385948
2013-08-29,0.5307551372796653
2013-08-30,0.5548637233252381
2013-09-03,0.5597400862765628
2013-09-04,0.5603293045359645
2013-09-05,0.5643797523327769
2013-09-06,0.5691312015392359
2013-09-09,0.5722507990811846
2013-09-10,0.5648534698193474
2013-09-11,0.5560979799271641
2013-09-12,0.5537693128496007
2013-09-13,0.55705373537488
2013-09-16,0.5574654185185907
2013-09-17,0.559624164535179
2013-09-18,0.5613736848824743
2013-09-19,0.5652786702692902
2013-09-20,0.566483619015163
2013-09-23,0.5724454735935384
2013-09-24,0.5727052664937123
2013-09-25,0.5831493596975367
2013-09-26,0.595289396164869
2013-09-27,0.5972572890347864
2013-09-30,0.6050766755319182
2013-10-01,0.6015184774015294
2013-10-02,0.6033485350168521
2013-10-03,0.596847973861082
2013-10-04,0.5913473547173063
2013-10-07,0.6037658932749908
2013-10-08,0.6039559013599903
2013-10-09,0.6041697510014288
2013-10-10,0.6156444359400984
2013-10-11,0.6184258598486617
2013-10-14,0.6225024339507358
2013-10-15,0.612167001870585
2013-10-16,0.6108938349676681
2013-10-17,0.5969671349738228
2013-10-18,0.5969303594312645
2013-10-21,0.5896245102825506
2013-10-22,0.5978963949497577
2013-10-23,0.5900073241264692
2013-10-24,0.585615407244458
2013-10-25,0.5800635825633789
2013-10-28,0.5692852456541334
2013-10-29,0.5698198209019105
2013-10-30,0.5668863187676515
2013-10-31,0.567107846625082
2013-11-01,0.57081176166743
2013-11-04,0.5713569496090255
2013-11-05,0.5621465889278227
2013-11-06,0.5417366368108779
2013-11-07,0.5442880341112913
2013-11-08,0.5466938778755489
2013-11-11,0.5477307843464602
2013-11-12,0.5483552781758012
2013-11-13,0.547159955986888
2013-11-14,0.5481390974850733
2013-11-15,0.5362419667795573
2013-11-18,0.5402989324314261
2013-11-19,0.5324050105782498
2013-11-20,0.532738617350619
2013-11-21,0.5251643594905475
2013-11-22,0.5283698064170634
2013-11-25,0.5437032532298538
2013-11-26,0.5449841248236098
2013-11-27,0.5446170914097567
2013-11-29,0.5676164801399336
2013-12-02,0.5453287043680068
2013-12-03,0.5346739329944781
2013-12-04,0.5343500499217522
2013-12-05,0.5402503275682621
2013-12-06,0.552574155718162
2013-12-09,0.5514206864343791
2013-12-10,0.5475438364433357
2013-12-11,0.5542255541925327
2013-12-12,0.5573270801550413
2013-12-13,0.5504301856851107
2013-12-16,0.5511123259652472
2013-12-17,0.5572257767311046
2013-12-18,0.5661325637179
2013-12-19,0.576276711797848
2013-12-20,0.5771646719570082
2013-12-23,0.5595424332629836
2013-12-24,0.5535032649738623
2013-12-26,0.55746228230685
2013-12-27,0.5717727309848801
2013-12-30,0.5715016934825579
2013-12-31,0.5672317770915452
2014-01-02,0.5675968307497752
2014-01-03,0.5622820655755235
2014-01-06,0.5466537645040795
2014-01-07,0.5512176588157082
2014-01-08,0.5475764279382505
2014-01-09,0.5423244154843574
2014-01-10,0.5501034037783702
2014-01-13,0.5399645827676962
2014-01-14,0.5491057170656254
2014-01-15,0.553478395969869
2014-01-16,0.5473378987873966
2014-01-17,0.55941623453494
2014-01-21,0.5526208033503196
2014-01-22,0.5350548692442881
2014-01-23,0.541921115072189
2014-01-24,0.5369462123998978
2014-01-27,0.551776316090882
2014-01-28,0.5402272345278908
2014-01-29,0.5389197490335935
2014-01-30,0.5266245043978826
2014-01-31,0.5205254195192957
2014-02-03,0.5331259430614103
2014-02-04,0.5394607759471254
2014-02-05,0.542267726376335
2014-02-06,0.5502747827026949
2014-02-07,0.5464938323181024
2014-02-10,0.5407411452097107
2014-02-11,0.533701827630478
2014-02-12,0.5295466721980934
2014-02-13,0.5325771959309686
2014-02-14,0.550747391681675
2014-02-18,0.5430007186489763
2014-02-19,0.5234021177847679
2014-02-20,0.5598268572128291
2014-02-21,0.5433214054371801
2014-02-24,0.5438119077844438
2014-02-25,0.5523879930834591
2014-02-26,0.5277727597905117
2014-02-27,0.5284013548987501
2014-02-28,0.5492762385176618
2014-03-03,0.5273285738301625
2014-03-04,0.5526957610568075
2014-03-05,0.5651536486953147
2014-03-06,0.5399292859772341
2014-03-07,0.5350760439598815
2014-03-10,0.5432769709587211
2014-03-11,0.5123980107741607
2014-03-12,0.5246273109683146
2014-03-13,0.5201411267020926
2014-03-14,0.5467847642492637
2014-03-17,0.5489411005705132
2014-03-18,0.5514363573017025
2014-03-19,0.547096098415347
2014-03-20,0.548501550743905
2014-03-21,0.5467400893814355
2014-03-24,0.5323789501944527
2014-03-25,0.5442705097244834
2014-03-26,0.5406922521860124
2014-03-27,0.5446943145954254
2014-03-28,0.5480155796367825
2014-03-31,0.5496938350010614
2014-04-01,0.5597959794432156
2014-04-02,0.5742470558636547
2014-04-03,0.572107995836095
2014-04-04,0.5758965088636316
2014-04-07,0.5740540240021635
2014-04-08,0.5685652541944376
2014-04-09,0.5969223565392061
2014-04-10,0.5970041991665245
2014-04-11,0.5973069875881635
2014-04-14,0.5997533334618291
2014-04-15,0.6024738321651325
2014-04-16,0.6199198360523632
2014-04-17,0.6050177448266016
2014-04-21,0.5991550391969059
2014-04-22,0.6015027485740082
2014-04-23,0.5947780033499085
2014-04-24,0.5807623915207145
2014-04-25,0.5835553715209166
2014-04-28,0.5605949796284109
2014-04-29,0.5771463110511147
2014-04-30,0.5750602258001404
2014-05-01,0.5722650629752603
2014-05-02,0.5726978489363636
2014-05-05,0.5558653594942464
2014-05-06,0.5575701499907302
2014-05-07,0.5485881154661582
2014-05-08,0.5436537311439484
2014-05-09,0.5471895435519294
2014-05-12,0.5517220623938214
2014-05-13,0.5522018174441538
2014-05-14,0.5493234760790269
2014-05-15,0.5527711594952607
2014-05-16,0.552535824371346
2014-05-19,0.5554797471338749
2014-05-20,0.5508319699226502
2014-05-21,0.5546600192824928
2014-05-22,0.5483520175269008
2014-05-23,0.5505405007247551
2014-05-27,0.5402455673180147
2014-05-28,0.5381866804782052
2014-05-29,0.5373710661061398
2014-05-30,0.548296402572365
2014-06-02,0.558815240180178
2014-06-03,0.5601602099397954
2014-06-04,0.5571551555186173
2014-06-05,0.5542198322853118
2014-06-06,0.5509329628815182
2014-06-09,0.5376381486008581
2014-06-10,0.5433091566831262
2014-06-11,0.5429509441678874
2014-06-12,0.553659194078645
2014-06-13,0.5421481819255515
2014-06-16,0.5390808271767507
2014-06-17,0.5307525027573797
2014-06-18,0.5268097157492077
2014-06-19,0.5198437012968664
2014-06-20,0.5150608323344604
2014-06-23,0.5084555781188899
2014-06-24,0.5076064507607982
2014-06-25,0.5031295244355746
2014-06-26,0.5107044546579387
2014-06-27,0.5023575194210123
2014-06-30,0.5055406030498193
2014-07-01,0.5076638088445878
2014-07-02,0.5048341180934537
2014-07-03,0.5051981141797426
2014-07-07,0.5168251022412311
2014-07-08,0.5329361641648849
2014-07-09,0.5274356084735338
2014-07-10,0.514826400985496
2014-07-11,0.4942917961516915
2014-07-14,0.502241268068783
2014-07-15,0.5098601686444307
2014-07-16,0.5100467144871231
2014-07-17,0.504655270601674
2014-07-18,0.5149307396944084
2014-07-21,0.5059419932288082
2014-07-22,0.5080411363971978
2014-07-23,0.47253213286402473
2014-07-24,0.4611249543925914
2014-07-25,0.45516454301679393
2014-07-28,0.465409987400026
2014-07-29,0.4700796989114772
2014-07-30,0.42802832078265085
2014-07-31,0.4821020809407216
2014-08-01,0.48045380564823786
2014-08-04,0.46456630636988727
2014-08-05,0.467433987235785
2014-08-06,0.45848478947814847
2014-08-07,0.4608302257004646
2014-08-08,0.4619474285541596
2014-08-11,0.47264452429616766
2014-08-12,0.4777875220256052
2014-08-13,0.4789058739972433
2014-08-14,0.46394655012992925
2014-08-15,0.4747498725683896
2014-08-18,0.47644668435483545
2014-08-19,0.4792709896955157
2014-08-20,0.45451192710840094
2014-08-21,0.45586904362382624
2014-08-22,0.45185434113373096
2014-08-25,0.4322482851625101
2014-08-26,0.4328763745670774
2014-08-27,0.437470119357907
2014-08-28,0.43956009550976216
2014-08-29,0.43042155000944443
2014-09-02,0.4506641758941217
2014-09-03,0.4409985376404128
2014-09-04,0.45441245311949735
2014-09-05,0.44526367695157876
2014-09-08,0.44433568514129834
2014-09-09,0.4428588938089276
2014-09-10,0.4444525621222833
2014-09-11,0.45638200464463563
2014-09-12,0.44617899097506497
2014-09-15,0.45606060609999943
2014-09-16,0.4624317663132674
2014-09-17,0.4645347072129254
2014-09-18,0.45640921394702033
2014-09-19,0.45666454908440574
2014-09-22,0.4626665959096549
2014-09-23,0.4658756909532202
2014-09-24,0.46022792900469295
2014-09-25,0.47202593659024517
2014-09-26,0.4736927440347639
2014-09-29,0.4701442772745294
2014-09-30,0.4707550603731495
2014-10-01,0.49230061027532634
2014-10-02,0.5164613875200524
2014-10-03,0.5201999535856353
2014-10-06,0.5205540791776666
2014-10-07,0.5298400909661384
2014-10-08,0.5400129242557905
2014-10-09,0.5445794109846688
2014-10-10,0.54811468156231
2014-10-13,0.5572736811977189
2014-10-14,0.5566322381638569
2014-10-15,0.572953603980076
2014-10-16,0.5667953873689019
2014-10-17,0.5762191251846847
2014-10-20,0.569867144605389
2014-10-21,0.5728880446361381
2014-10-22,0.5811684249831117
2014-10-23,0.5809126867522895
2014-10-24,0.5792255987804352
2014-10-27,0.573074893535201
2014-10-28,0.5748459847507593
2014-10-29,0.586592175720926
2014-10-30,0.585890275816826
2014-10-31,0.5947864107269222
2014-11-03,0.5925569553728733
2014-11-04,0.5841268581792539
2014-11-05,0.5803178169421079
2014-11-06,0.5755878866221595
2014-11-07,0.571037142780402
2014-11-10,0.5685523727547696
2014-11-11,0.5642510681772982
2014-11-12,0.5596185191882433
2014-11-13,0.5600963931935957
2014-11-14,0.5614160799498903
2014-11-17,0.5600094798492903
2014-11-18,0.554680302642671
2014-11-19,0.5498417693051944
2014-11-20,0.5594600446845768
2014-11-21,0.5603399951318881
2014-11-24,0.5571310820899144
2014-11-25,0.5555302641630576
2014-11-26,0.5597945419740966
2014-11-28,0.545417946823755
2014-12-01,0.5491583520846683
2014-12-02,0.5406732998493673
2014-12-03,0.52735196697682
2014-12-04,0.5229476182931808
2014-12-05,0.5178149340583327
2014-12-08,0.4938797252082189
2014-12-09,0.4943172072522428
2014-12-10,0.4943859794110235
2014-12-11,0.49606207985804057
2014-12-12,0.5012528619737853
2014-12-15,0.5048892948823237
2014-12-16,0.506122620994147
2014-12-17,0.4968694766771956
2014-12-18,0.5226368702958424
2014-12-19,0.515807409827013
2014-12-22,0.5154227823215358
2014-12-23,0.5108428322592713
2014-12-24,0.508183953292702
2014-12-26,0.5085342239672213
2014-12-29,0.5060877237432598
2014-12-30,0.5067644910745828
2014-12-31,0.5082396286032806
2015-01-02,0.508755295454661
2015-01-05,0.516500575287706
2015-01-06,0.5176437596552125
2015-01-07,0.5137125073664969
2015-01-08,0.5216465393099139
2015-01-09,0.5284080071180987
2015-01-12,0.5309261673889821
2015-01-13,0.5300414418442374
2015-01-14,0.5401277447586194
2015-01-15,0.5422416669535388
2015-01-16,0.542907148906601
2015-01-20,0.5448842739937534
2015-01-21,0.5409642957111264
2015-01-22,0.5441095466627894
2015-01-23,0.5428982036703769
2015-01-26,0.5469613815489898
2015-01-27,0.5505802181010293
2015-01-28,0.5472947474001423
2015-01-29,0.5477224841522506
2015-01-30,0.5469597157955194
2015-02-02,0.539694923078194
2015-02-03,0.549201970797907
2015-02-04,0.5450281831964303
2015-02-05,0.5437560960747732
2015-02-06,0.5428887700011777
2015-02-09,0.5460327672254469
2015-02-10,0.5418295114827096
2015-02-11,0.5354079831658167
2015-02-12,0.5266307454162628
2015-02-13,0.5244092144286578
2015-02-17,0.5164585854291921
2015-02-18,0.5138477049213095
2015-02-19,0.5052491560509272
2015-02-20,0.49928823213958096
2015-02-23,0.48865663689286337
2015-02-24,0.48538053063181275
2015-02-25,0.4729131181433754
2015-02-26,0.4695748392368009
2015-02-27,0.46185048473582413
2015-03-02,0.4622003823917762
2015-03-03,0.4579698715067526
2015-03-04,0.46116365127806075
2015-03-05,0.4635341289711527
2015-03-06,0.4686345461872484
2015-03-09,0.4700351599844031
2015-03-10,0.47923983029888056
2015-03-11,0.47530865411093354
2015-03-12,0.47566460305981884
2015-03-13,0.46744562525488836
2015-03-16,0.4693349970537922
2015-03-17,0.47408704606104585
2015-03-18,0.47674540506095975
2015-03-19,0.475482513554427
2015-03-20,0.4848065737359279
2015-03-23,0.4870749858612968
2015-03-24,0.4859729210075467
2015-03-25,0.4939571510123536
2015-03-26,0.5036016592688572
2015-03-27,0.5050149613450156
2015-03-30,0.5123923245975318
2015-03-31,0.5153594580757395
2015-04-01,0.5186970602936177
2015-04-02,0.5211120353023573
2015-04-06,0.5184495956149437
2015-04-07,0.5226569699938871
2015-04-08,0.5246699701212224
2015-04-09,0.5248847007885523
2015-04-10,0.5336056176853405
2015-04-13,0.5352668721281337
2015-04-14,0.5356037351921201
2015-04-15,0.5389362209081893
2015-04-16,0.5383297946856961
2015-04-17,0.5472856387018145
2015-04-20,0.5585471640127255
2015-04-21,0.551165808493131
2015-04-22,0.5479105858724336
2015-04-23,0.5424670162279989
2015-04-24,0.5353608942046725
2015-04-27,0.5290046024927192
2015-04-28,0.5227842088284719
2015-04-29,0.5220298461104337
2015-04-30,0.5098224696648908
2015-05-01,0.5220456914331525
2015-05-04,0.5234328680222318
2015-05-05,0.5220681432650389
2015-05-06,0.5252608405799892
2015-05-07,0.5281844104813121
2015-05-08,0.5407313558658379
2015-05-11,0.5373224454344273
2015-05-12,0.5404279531366583
2015-05-13,0.5414044230575005
2015-05-14,0.5457292762873851
2015-05-15,0.5506989999212815
2015-05-18,0.5487572411026751
2015-05-19,0.5387903233728637
2015-05-20,0.5366019504067313
2015-05-21,0.5439051414540487
2015-05-22,0.5448631008793637
2015-05-26,0.5532738931995241
2015-05-27,0.5572733623430982
2015-05-28,0.5535621829859207
2015-05-29,0.5410723311534011
2015-06-01,0.545484922180902
2015-06-02,0.5422072653211828
2015-06-03,0.540191871042614
2015-06-04,0.5516590003551277
2015-06-05,0.5417273048229981
2015-06-08,0.547673885206214
2015-06-09,0.5434784562459744
2015-06-10,0.5523340271319355
2015-06-11,0.5556221292263873
2015-06-12,0.5569076924838474
2015-06-15,0.5678160558359464
2015-06-16,0.5645875592674621
2015-06-17,0.5729772816970616
2015-06-18,0.5743577127065377
2015-06-19,0.5707039853145619
2015-06-22,0.560005439669627
2015-06-23,0.5569346791059854
2015-06-24,0.5665160255252382
2015-06-25,0.5713303055294242
2015-06-26,0.5730148155970045
2015-06-29,0.5883488952060797
2015-06-30,0.5882747700539197
2015-07-01,0.5853624166783615
2015-07-02,0.5785250221550763
2015-07-06,0.5788842329311508
2015-07-07,0.5780295903585845
2015-07-08,0.5826490754415647
2015-07-09,0.5782109875306439
2015-07-10,0.5829896082468539
2015-07-13,0.5808513875238946
2015-07-14,0.5836726174363437
2015-07-15,0.5735443423144015
2015-07-16,0.5861358675701149
2015-07-17,0.577358500074777
2015-07-20,0.5737614489458011
2015-07-21,0.5787455692681889
2015-07-22,0.5744695422072621
2015-07-23,0.5680454607775122
2015-07-24,0.5595103352119343
2015-07-27,0.5663017113721044
2015-07-28,0.5580544692641632
2015-07-29,0.5636706374111154
2015-07-30,0.5646732377325442
2015-07-31,0.5663525096320354
2015-08-03,0.5550708469333749
2015-08-04,0.5434746551766717
2015-08-05,0.5437618625078915
2015-08-06,0.5434995471897665
2015-08-07,0.5421334587165357
2015-08-10,0.5369093872392338
2015-08-11,0.534896973078649
2015-08-12,0.535845380787909
2015-08-13,0.5364233667073506
2015-08-14,0.5345719585959581
2015-08-17,0.5329526190026468
2015-08-18,0.5283960805805762
2015-08-19,0.5340730965971614
2015-08-20,0.5492947162213527
2015-08-21,0.5735646347594997
2015-08-24,0.6481463194833844
2015-08-25,0.6618253766196737
2015-08-26,0.6637874434966129
2015-08-27,0.6743836428088017
2015-08-28,0.6755723267220305
2015-08-31,0.6821032719537984
2015-09-01,0.6959133909321644
2015-09-02,0.7014798518862827
2015-09-03,0.706353599807913
2015-09-04,0.7157661052563836
2015-09-08,0.72080642082451
2015-09-09,0.7241010705097244
2015-09-10,0.7245583035564963
2015-09-11,0.7233958857580485
2015-09-14,0.7242562209489729
2015-09-15,0.7256361970836245
2015-09-16,0.723328749728157
2015-09-17,0.7237485770136501
2015-09-18,0.7217821110190634
2015-09-21,0.7207694157421449
2015-09-22,0.7237064873312901
2015-09-23,0.7231725002122519
2015-09-24,0.7226105771642252
2015-09-25,0.7226667619625853
2015-09-28,0.7261449721438564
2015-09-29,0.7240845595119939
2015-09-30,0.7263012267811536
2015-10-01,0.7150457815951526
2015-10-02,0.7190531729900376
2015-10-05,0.7280520966570908
2015-10-06,0.726074584253815
2015-10-07,0.7245757335470268
2015-10-08,0.723958284572958
2015-10-09,0.7286063226741328
2015-10-12,0.7266293910578261
2015-10-13,0.728764186426515
2015-10-14,0.7335843670276142
2015-10-15,0.7332395749014172
2015-10-16,0.7302988386343017
2015-10-19,0.7289007803002572
2015-10-20,0.7218233858905468
2015-10-21,0.7197852578552535
2015-10-22,0.7176313576028412
2015-10-23,0.7148729356525539
2015-10-26,0.7149824506216816
2015-10-27,0.7085040546049132
2015-10-28,0.7056938195712237
2015-10-29,0.7045821073114371
2015-10-30,0.7002913984831949
2015-11-02,0.6989758806398795
2015-11-03,0.6959911864713278
2015-11-04,0.6905781498990817
2015-11-05,0.6827785029999685
2015-11-06,0.6789699339352888
2015-11-09,0.6838057982730198
2015-11-10,0.6804267008161747
2015-11-11,0.6816377216535463
2015-11-12,0.6821797106990924
2015-11-13,0.6857215207296613
2015-11-16,0.6820187709612479
2015-11-17,0.6797901488448381
2015-11-18,0.6813021558679985
2015-11-19,0.6807879709797335
2015-11-20,0.6801220171727076
2015-11-23,0.6821404388268139
2015-11-24,0.6812096432039357
2015-11-25,0.6831155431008478
2015-11-27,0.6862197517416335
2015-11-30,0.6865457622961272
2015-12-01,0.6919145556661209
2015-12-02,0.6881848351553085
2015-12-03,0.6922160403736661
2015-12-04,0.690583209679432
2015-12-07,0.6889843267468366
2015-12-08,0.6931023054870172
2015-12-09,0.6926602787205691
2015-12-10,0.6932532228865398
2015-12-11,0.6984410578133482
2015-12-14,0.6990994374951867
2015-12-15,0.6983797690806847
2015-12-16,0.6960223022609294
2015-12-17,0.6970847291568794
2015-12-18,0.702620880961227
2015-12-21,0.7022348495220231
2015-12-22,0.7033538156609968
2015-12-23,0.7048002839037734
2015-12-24,0.7064968463206236
2015-12-28,0.7044496873268414
2015-12-29,0.7015982113439301
2015-12-30,0.6910174854999778
2015-12-31,0.6597804770218945
2016-01-04,0.653192239880976
2016-01-05,0.6485610453463891
2016-01-06,0.6418547421007118
2016-01-07,0.6500576957267404
2016-01-08,0.6519435095727135
2016-01-11,0.6363801108936911
2016-01-12,0.6316718349266343
2016-01-13,0.6280119153212053
2016-01-14,0.6169995438247526
2016-01-15,0.6163356616266203
2016-01-19,0.614696634929435
2016-01-20,0.6202774637772921
2016-01-21,0.622954504124715
2016-01-22,0.6216581612492335
2016-01-25,0.6175725773353424
2016-01-26,0.6137107040425408
2016-01-27,0.6112905358811725
2016-01-28,0.6003790159976611
2016-01-29,0.6024186156564755
2016-02-01,0.6002027363779348
2016-02-02,0.6013437819837073
2016-02-03,0.5970387194377791
2016-02-04,0.5899070868915486
2016-02-05,0.5865023693951797
2016-02-08,0.5946107356528966
2016-02-09,0.5899921373774204
2016-02-10,0.5941963830878447
2016-02-11,0.5905052229657716
2016-02-12,0.5810278198131367
2016-02-16,0.588768420112108
2016-02-17,0.5940770060193977
2016-02-18,0.5936486897700999
2016-02-19,0.5850335536337291
2016-02-22,0.5892190259569052
2016-02-23,0.5883703373975286
2016-02-24,0.5903692934623848
2016-02-25,0.5936680124885436
2016-02-26,0.5908228585171215
2016-02-29,0.597330757482902
2016-03-01,0.6058417853427275
2016-03-02,0.6091788249374267
2016-03-03,0.6077617350377377
2016-03-04,0.6028418415906504
2016-03-07,0.5994316530947614
2016-03-08,0.6009961253161304
2016-03-09,0.6034369333894138
2016-03-10,0.6054154323784408
2016-03-11,0.6123257213145124
2016-03-14,0.6119859561043269
2016-03-15,0.6138846417549783
2016-03-16,0.6162334426486658
2016-03-17,0.6179092791090182
2016-03-18,0.6234943889790093
2016-03-21,0.6197243261582235
2016-03-22,0.6215431876025772
2016-03-23,0.6183824599804768
2016-03-24,0.6138515348921942
2016-03-28,0.611175275154007
2016-03-29,0.6103961156995793
2016-03-30,0.6122520609372178
2016-03-31,0.6117212267962415
2016-04-01,0.6145578758786816
2016-04-04,0.6135553035057615
2016-04-05,0.6162406670417905
2016-04-06,0.6168699188677402
2016-04-07,0.616056565479159
2016-04-08,0.6181859667811669
2016-04-11,0.6189203434537752
2016-04-12,0.6164560672437552
2016-04-13,0.6173121239756848
2016-04-14,0.6088615730592429
2016-04-15,0.6074522741019545
2016-04-18,0.6064242967362952
2016-04-19,0.6027066857366061
2016-04-20,0.5998987989173934
2016-04-21,0.5957513429886557
2016-04-22,0.5890337348482326
2016-04-25,0.5867027628341126
2016-04-26,0.5872615616961656
2016-04-27,0.5851690530842145
2016-04-28,0.5842241523028081
2016-04-29,0.5726424119733062
2016-05-02,0.5706519962848745
2016-05-03,0.5697791916748265
2016-05-04,0.5647224400362135
2016-05-05,0.5626360723416234
2016-05-06,0.5634066235749503
2016-05-09,0.5599777581493315
2016-05-10,0.5609645823064956
2016-05-11,0.5519354536296208
2016-05-12,0.533087015764223
2016-05-13,0.5404104624776963
2016-05-16,0.5249107039195338
2016-05-17,0.5089857285527619
2016-05-18,0.5063117147946649
2016-05-19,0.5018203697380008
2016-05-20,0.49798964853150596
2016-05-23,0.4952192180700615
2016-05-24,0.4953185297388411
2016-05-25,0.48625494676671777
2016-05-26,0.4842949308500689
2016-05-27,0.46729190075781246
2016-05-31,0.46705451298065687
2016-06-01,0.4731061536631114
2016-06-02,0.4625517341294184
2016-06-03,0.45614900211942383
2016-06-06,0.46470647661945363
2016-06-07,0.47100268970934495
2016-06-08,0.46508887379026587
2016-06-09,0.4557804138195573
2016-06-10,0.45487770371760466
2016-06-13,0.4572365772039092
2016-06-14,0.46713969905848024
2016-06-15,0.4670845577767727
2016-06-16,0.46748831711777367
2016-06-17,0.4678403404954899
2016-06-20,0.4719267365283239
2016-06-21,0.46640821145669864
2016-06-22,0.4576531226566381
2016-06-23,0.4515627276430499
2016-06-24,0.4591495555852604
2016-06-27,0.4710260629125968
2016-06-28,0.4761972133339268
2016-06-29,0.48041939216087076
2016-06-30,0.4874351413880789
2016-07-01,0.490278844025748
2016-07-05,0.4897090388784437
2016-07-06,0.481118674730173
2016-07-07,0.47715039703010664
2016-07-08,0.46944927852424384
2016-07-11,0.46824276932473236
2016-07-12,0.46873698689222537
2016-07-13,0.4719016951256657
2016-07-14,0.4784214719121756
2016-07-15,0.48268744654018564
2016-07-18,0.48556090126997664
2016-07-19,0.4824331511678832
2016-07-20,0.4659324426527301
2016-07-21,0.4712724684325254
2016-07-22,0.4655837303220946
2016-07-25,0.464191799132774
2016-07-26,0.4566469329064531
2016-07-27,0.45591589969952456
2016-07-28,0.4660331820957883
2016-07-29,0.46749032283930503
2016-08-01,0.4726398242378791
2016-08-02,0.4665887388413228
2016-08-03,0.4639251983208983
2016-08-04,0.46198171963567364
2016-08-05,0.45115642531835687
2016-08-08,0.4517481679041918
2016-08-09,0.44801600527664365
2016-08-10,0.44683642100071475
2016-08-11,0.4452645198268177
2016-08-12,0.4457620094201917
2016-08-15,0.4441610011049907
2016-08-16,0.4499091653622709
2016-08-17,0.4472227840633237
2016-08-18,0.44766539500491037
2016-08-19,0.4341967393975418
2016-08-22,0.4355140394737336
2016-08-23,0.4344550654790414
2016-08-24,0.441220038852051
2016-08-25,0.4409443718404303
2016-08-26,0.44278374734783954
2016-08-29,0.4515112272639491
2016-08-30,0.4549528932027172
2016-08-31,0.4565055946144423
2016-09-01,0.45738822722279027
2016-09-02,0.46775165841087135
2016-09-06,0.46235970678258065
2016-09-07,0.462128873044687
2016-09-08,0.4673352085108389
2016-09-09,0.49664892009754447
2016-09-12,0.5022592091578146
2016-09-13,0.5122921362441175
2016-09-14,0.5164902167996879
2016-09-15,0.5207923007316804
2016-09-16,0.5106962522021287
2016-09-19,0.5091440827064454
2016-09-20,0.5159131928198586
2016-09-21,0.5139510335589988
2016-09-22,0.5225816286745828
2016-09-23,0.5185429689155102
2016-09-26,0.527550058905491
2016-09-27,0.5283175522029482
2016-09-28,0.5292795525821965
2016-09-29,0.5332813676593204
2016-09-30,0.5279121954183811
2016-10-03,0.521984596770809
2016-10-04,0.5206076632193337
2016-10-05,0.5196890513175914
2016-10-06,0.5205263384916323
2016-10-07,0.5190093586229414
2016-10-10,0.5220324113420455
2016-10-11,0.5345741327090604
2016-10-12,0.5343319695537461
2016-10-13,0.5357240445711166
2016-10-14,0.5416606083790535
2016-10-17,0.5523402460824367
2016-10-18,0.5437802161047519
2016-10-19,0.5337759409529341
2016-10-20,0.5325304374052215
2016-10-21,0.5278039909900369
2016-10-24,0.529681655962768
2016-10-25,0.5252749655049782
2016-10-26,0.5191228733843894
2016-10-27,0.5138746050873683
2016-10-28,0.5248040621981443
2016-10-31,0.5270821338637512
2016-11-01,0.49551015515389
2016-11-02,0.4777991683073988
2016-11-03,0.4655496117369445
2016-11-04,0.4361973806940604
2016-11-07,0.45229912696401925
2016-11-08,0.4267152557836733
2016-11-09,0.4266088150425376
2016-11-10,0.42304283090683625
2016-11-11,0.4022098209788624
2016-11-14,0.3860873953366459
2016-11-15,0.37245337696231295
2016-11-16,0.3675235017864409
2016-11-17,0.3624845707463364
2016-11-18,0.3719269452238217
2016-11-21,0.3739428707319749
2016-11-22,0.37724308486454944
2016-11-23,0.36859840609567046
2016-11-25,0.3639964533420298
2016-11-28,0.36258791408722674
2016-11-29,0.3756640074246705
2016-11-30,0.3723153940240872
2016-12-01,0.3634643459803066
2016-12-02,0.37959997819218416
2016-12-05,0.3753216140332406
2016-12-06,0.3830348368592981
2016-12-07,0.38998820581706767
2016-12-08,0.38840090606894057
2016-12-09,0.4058138190834636
2016-12-12,0.4000833547997306
2016-12-13,0.39302216338706414
2016-12-14,0.3941551462828065
2016-12-15,0.387704720503609
2016-12-16,0.3825138475051065
2016-12-19,0.36941345108834556
2016-12-20,0.3802679981194802
2016-12-21,0.38753187969683806
2016-12-22,0.381126701107879
2016-12-23,0.3750932285913786
2016-12-27,0.37396980507426403
2016-12-28,0.3744745740409829
2016-12-29,0.3734678000173026
2016-12-30,0.3728662943115923
2017-01-03,0.3746717532819909
2017-01-04,0.3707324847580185
2017-01-05,0.36952799263931396
2017-01-06,0.37612772890593704
2017-01-09,0.3712990828915502
2017-01-10,0.37035584817974443
2017-01-11,0.37912825984843107
2017-01-12,0.36639324936383094
2017-01-13,0.37054544533533973
2017-01-17,0.3716276843033095
2017-01-18,0.36816166398769873
2017-01-19,0.360619469629227
2017-01-20,0.34596335287293833
2017-01-23,0.3394359847429212
2017-01-24,0.35728419792164284
2017-01-25,0.3551219601828382
2017-01-26,0.3607301650222853
2017-01-27,0.36503823177746975
2017-01-30,0.36405614125928054
2017-01-31,0.3575976074242641
2017-02-01,0.3508454798470061
2017-02-02,0.3575699741646313
2017-02-03,0.327430358747107
2017-02-06,0.3198661027113609
2017-02-07,0.315533127584984
2017-02-08,0.3250412119565724
2017-02-09,0.34659588762099075
2017-02-10,0.3431348142662249
2017-02-13,0.35566611508953205
2017-02-14,0.3483273257417438
2017-02-15,0.29763233837304853
2017-02-16,0.32424446313225985
2017-02-17,0.3416178254754524
2017-02-21,0.31068115795260537
2017-02-22,0.30877559402390714
2017-02-23,0.3170678018500627
2017-02-24,0.3298355348180129
2017-02-27,0.3256398184619832
2017-02-28,0.3413543070769954
2017-03-01,0.323809518485097
2017-03-02,0.32287459542375047
2017-03-03,0.32834607013130596
2017-03-06,0.31984398249178075
2017-03-07,0.31910732514966894
2017-03-08,0.32748290787443424
2017-03-09,0.3349814471116536
2017-03-10,0.349938587003219
2017-03-13,0.33987116157921066
2017-03-14,0.33061964948348355
2017-03-15,0.32624429693261453
2017-03-16,0.31941065718933564
2017-03-17,0.3165916930955472
2017-03-20,0.32596601695537497
2017-03-21,0.3468939829180209
2017-03-22,0.3228820753274571
2017-03-23,0.29927176609924877
2017-03-24,0.29113266211676264
2017-03-27,0.30459738673048137
2017-03-28,0.3016611438729061
2017-03-29,0.2897701469580295
2017-03-30,0.3127861279394143
2017-03-31,0.3199601236055642
2017-04-03,0.32820249431300974
2017-04-04,0.3229280617221106
2017-04-05,0.31865877205172416
2017-04-06,0.3027999815847194
2017-04-07,0.303175288329648
2017-04-10,0.33712411483673993
2017-04-11,0.3266597819094253
2017-04-12,0.3448722886222054
2017-04-13,0.34969876875782163
2017-04-17,0.34951756935293987
2017-04-18,0.3525558975164679
2017-04-19,0.3469339416364787
2017-04-20,0.3476897779247939
2017-04-21,0.33073860343226114
2017-04-24,0.3238775177436744
2017-04-25,0.32032504749530477
2017-04-26,0.3217535972955101
2017-04-27,0.324937450828289
2017-04-28,0.3419734689146423
2017-05-01,0.32830672152623325
2017-05-02,0.3227256278028265
2017-05-03,0.3313038711721548
2017-05-04,0.32173995533148775
2017-05-05,0.31828422011497837
2017-05-08,0.3292283181409322
2017-05-09,0.31238876774701313
2017-05-10,0.30946940041370585
2017-05-11,0.29242499640369285
2017-05-12,0.30446909392950766
2017-05-15,0.3153287668833181
2017-05-16,0.31275184791512983
2017-05-17,0.3223218613322104
2017-05-18,0.3229738280563052
2017-05-19,0.31244759981458875
2017-05-22,0.31745987055466723
2017-05-23,0.31867953061526905
2017-05-24,0.32079881175287556
2017-05-25,0.31336894334098864
2017-05-26,0.33105099355143197
2017-05-30,0.32078971335753903
2017-05-31,0.3428525242970744
2017-06-01,0.3436971868590832
2017-06-02,0.33565616291980804
2017-06-05,0.31246770042037425
2017-06-06,0.38402923226919844
2017-06-07,0.35800222221315037
2017-06-08,0.3289731676307145
2017-06-09,0.3325038352026584
2017-06-12,0.3384682963208258
2017-06-13,0.27853851040118427
2017-06-14,0.2800559550217908
2017-06-15,0.2802659958154332
2017-06-16,0.28613526874078327
2017-06-19,0.2952506264268437
2017-06-20,0.2959931407728196
2017-06-21,0.2911903815758611
2017-06-22,0.25677507671369815
2017-06-23,0.28459713238681905
2017-06-26,0.30233936733792866
2017-06-27,0.2810784614572711
2017-06-28,0.306492584482036
2017-06-29,0.3077463240105932
2017-06-30,0.304726454614764
2017-07-03,0.29039535682216266
2017-07-05,0.2898718159544952
2017-07-06,0.2898192035172205
2017-07-07,0.2891753659463247
2017-07-10,0.29968229777252087
2017-07-11,0.298353723012492
2017-07-12,0.29749471064980726
2017-07-13,0.30457052809821683
2017-07-14,0.3115337275664996
2017-07-17,0.3074329040631361
2017-07-18,0.30349690250166106
2017-07-19,0.3034840012273406
2017-07-20,0.30305383247037054
2017-07-21,0.29693285637029565
2017-07-24,0.27678884210988824
2017-07-25,0.2818433153983062
2017-07-26,0.25711054362378666
2017-07-27,0.2646150372105108
2017-07-28,0.2970176200335876
2017-08-02,0.28173963945472685
2017-08-03,0.2946973991017832
2017-08-04,0.2964033965446626
2017-08-07,0.2889823278184269
2017-08-08,0.27002922914570476
2017-08-09,0.2659420212478297
2017-08-10,0.30242710504943726
2017-08-11,0.3085228134853059
2017-08-14,0.30983610163251174
2017-08-15,0.319832784379209
2017-08-16,0.32079957608597326
2017-08-17,0.3197922181450795
2017-08-18,0.3205552385703228
2017-08-21,0.3216111808171876
2017-08-22,0.3335872342078827
2017-08-23,0.326456519879674
2017-08-24,0.320329815521133
2017-08-25,0.31110818279486946
2017-08-28,0.2984511849141371
2017-08-29,0.29097784123982046
2017-08-30,0.2781965022505326
2017-08-31,0.2788800863121995
2017-09-01,0.2745970654064209
2017-09-05,0.31485587660850933
2017-09-06,0.3074854620265567
2017-09-07,0.284198441062732
2017-09-08,0.2878169875340125
2017-09-11,0.27990871505170767
2017-09-12,0.2891994050159444
2017-09-13,0.2816571304789837
2017-09-14,0.2648295606192368
2017-09-15,0.27489007566023843
2017-09-18,0.2543754543844399
2017-09-19,0.25376163601425983
2017-09-20,0.2555894457666993
2017-09-21,0.2579226860081221
2017-09-22,0.26477232085221797
2017-09-25,0.26577813612296075
2017-09-26,0.2627837038211339
2017-09-27,0.24405679415219533
2017-09-28,0.24760274883722644
2017-09-29,0.23283907695640846
2017-10-02,0.21748376825143811
2017-10-03,0.2420394123922742
2017-10-04,0.2544008195374344
2017-10-05,0.2552116513435279
2017-10-06,0.24749885546289901
2017-10-09,0.28061759954216947
2017-10-10,0.2605038933665296
2017-10-11,0.2529713542339551
2017-10-12,0.23448613828731144
2017-10-13,0.25727594609726806
2017-10-16,0.24504327237812
2017-10-17,0.238330384870383
2017-10-18,0.23563363534447135
2017-10-19,0.20160881403665543
2017-10-20,0.2085386967955367
2017-10-23,0.2235104716800206
2017-10-24,0.22735007818041503
2017-10-25,0.21476548892151856
2017-10-26,0.21219118383134847
2017-10-27,0.20464075323913386
2017-10-30,0.21196401145938615
2017-10-31,0.21049710617394446
2017-11-01,0.186274790407646
2017-11-02,0.18629949196172738
2017-11-03,0.18865551338846406
2017-11-06,0.1923002518230566
2017-11-07,0.1931841636860905
2017-11-08,0.1991264714482239
2017-11-09,0.18687596352932773
2017-11-10,0.18137098996158849
2017-11-13,0.23321037397572314
2017-11-14,0.16623679266703806
2017-11-15,0.18278046666027792
2017-11-16,0.17270426125077848
2017-11-17,0.20517531478438594
2017-11-20,0.14236322413471827
2017-11-21,0.15929415623333706
2017-11-22,0.14967045603765194
2017-11-24,0.17119544581873802
2017-11-27,0.17034647398317482
2017-11-28,0.17352003061468585
2017-11-29,0.1727302403779461
2017-11-30,0.19893220038110296
2017-12-01,0.2403693066412632
2017-12-04,0.22462233752216085
2017-12-05,0.2188207348535564
2017-12-06,0.269637538322454
2017-12-07,0.2872023822764079
2017-12-08,0.26656130009398643
2017-12-11,0.29356787559604786
2017-12-12,0.29018028956379066
2017-12-13,0.2818773563432276
2017-12-14,0.28533677859529577
2017-12-15,0.26596577543839345
2017-12-18,0.2312004095516037
2017-12-19,0.21867936541730465
2017-12-20,0.23633168823012246
2017-12-21,0.24567699084524974
2017-12-22,0.2506049957602592
2017-12-26,0.2419142491557458
2017-12-27,0.24729918667046183
2017-12-28,0.24609782405342182
